English,Marathi
the,द
be,असणे
and,आणि
of,च्या
in,मध्ये
to,करण्यासाठी
have,आहे
to,करण्यासाठी
it,ते
that,ते
for,च्या साठी
you,आपण
he,तो
with,सह
on,वर
do,करा
say,म्हणा
this,हे
they,ते
at,येथे
but,परंतु
we,आम्ही
his,त्याचा
from,पासून
that,ते
not,नाही
n't,नाही
by,द्वारे
she,ती
or,किंवा
as,म्हणून
what,काय
go,जा
their,त्यांचे
can,करू शकता
get,मिळवा
if,तर
would,होईल
her,तिला
all,सर्व
my,माझे
make,बनवणे
about,बद्दल
know,माहित आहे
will,इच्छा
as,म्हणून
up,वर
one,एक
time,वेळ
there,तेथे
year,वर्ष
so,त्यामुळे
think,विचार
when,कधी
which,जे
them,त्यांना
some,काही
me,मी
people,लोक
take,घेणे
out,बाहेर
into,मध्ये
just,फक्त
see,पहा
him,त्याला
your,आपले
come,येणे
could,शकते
now,आता
than,पेक्षा
like,जसे
other,इतर
how,कसे
then,नंतर
its,त्याचे
our,आमचे
two,दोन
more,अधिक
these,या
want,इच्छित
way,मार्ग
look,दिसत
first,पहिला
also,तसेच
new,नवीन
because,कारण
day,दिवस
more,अधिक
use,वापर
no,नाही
man,माणूस
find,शोधणे
here,येथे
thing,गोष्ट
give,देणे
many,अनेक
well,चांगले
only,फक्त
those,त्या
tell,सांगा
one,एक
very,खूप
her,तिला
even,अगदी
back,परत
any,कोणतेही
good,चांगले
woman,स्त्री
through,माध्यमातून
us,आम्हाला
life,जीवन
child,मूल
there,तेथे
work,काम
down,खाली
may,मे
after,नंतर
should,पाहिजे
call,कॉल
world,जग
over,प्रती
school,शाळा
still,अजूनही
try,प्रयत्न
in,मध्ये
as,म्हणून
last,शेवटचे
ask,विचारा
need,गरज
too,खूप
feel,वाटते
three,तीन
when,कधी
state,राज्य
never,कधीही
become,बनणे
between,यांच्यातील
high,उच्च
really,खरोखर
something,काहीतरी
most,सर्वाधिक
another,दुसरा
much,खूप
family,कुटुंब
own,स्वतःचे
out,बाहेर
leave,सोडा
put,टाकणे
old,जुन्या
while,असताना
mean,अर्थ
on,वर
keep,ठेवा
student,विद्यार्थी
why,का
let,द्या
great,महान
same,त्याच
big,मोठा
group,गट
begin,सुरू
seem,दिसते
country,देश
help,मदत
talk,बोलणे
where,कुठे
turn,वळण
problem,समस्या
every,प्रत्येक
start,प्रारंभ
hand,हात
might,कदाचित
American,अमेरिकन
show,दाखवा
part,भाग
about,बद्दल
against,विरुद्ध
place,जागा
over,प्रती
such,अशा
again,पुन्हा
few,काही
case,केस
most,सर्वाधिक
week,आठवडा
company,कंपनी
where,कुठे
system,प्रणाली
each,प्रत्येक
right,बरोबर
program,कार्यक्रम
hear,ऐकणे
so,त्यामुळे
question,प्रश्न
during,दरम्यान
work,काम
play,खेळणे
government,सरकार
run,धावणे
small,लहान
number,संख्या
off,बंद
always,नेहमी
move,हलवा
like,जसे
night,रात्री
live,राहतात
Mr,श्री
point,बिंदू
believe,विश्वास
hold,धरा
today,आज
bring,आणणे
happen,घडणे
next,पुढे
without,शिवाय
before,आधी
large,मोठे
all,सर्व
million,दशलक्ष
must,हे केलेच पाहिजे
home,मुख्यपृष्ठ
under,अंतर्गत
water,पाणी
room,खोली
write,लिहा
mother,आई
area,क्षेत्र
national,राष्ट्रीय
money,पैसे
story,कथा
young,तरुण
fact,वस्तुस्थिती
month,महिना
different,भिन्न
lot,भरपूर
right,बरोबर
study,अभ्यास
book,पुस्तक
eye,डोळा
job,नोकरी
word,शब्द
though,तरी
business,व्यवसाय
issue,समस्या
side,बाजू
kind,दयाळू
four,चार
head,डोके
far,दूर
black,काळा
long,लांब
both,दोन्ही
little,थोडे
house,घर
yes,होय
after,नंतर
since,पासून
long,लांब
provide,प्रदान
service,सेवा
around,सुमारे
friend,मित्र
important,महत्वाचे
father,वडील
sit,बसणे
away,लांब
until,पर्यंत
power,शक्ती
hour,तास
game,खेळ
often,अनेकदा
yet,अद्याप
line,ओळ
political,राजकीय
end,शेवट
among,मध्ये
ever,कधीही
stand,उभे
bad,वाईट
lose,गमावणे
however,तथापि
member,सदस्य
pay,पैसे द्या
law,कायदा
meet,भेटणे
car,गाडी
city,शहर
almost,जवळजवळ
include,समाविष्ट करा
continue,सुरू
set,सेट
later,नंतर
community,समुदाय
much,खूप
name,नाव
five,पाच
once,एकदा
white,पांढरा
least,किमान
president,अध्यक्ष
learn,शिका
real,वास्तविक
change,बदल
team,संघ
minute,मिनिट
best,सर्वोत्तम
several,अनेक
idea,कल्पना
kid,लहान मूल
body,शरीर
information,माहिती
nothing,काहीही नाही
ago,पूर्वी
right,बरोबर
lead,आघाडी
social,सामाजिक
understand,समजून घेणे
whether,की नाही
back,परत
watch,घड्याळ
together,एकत्र
follow,अनुसरण करा
around,सुमारे
parent,पालक
only,फक्त
stop,थांबा
face,चेहरा
anything,काहीही
create,तयार करा
public,सार्वजनिक
already,आधीच
speak,बोलणे
others,इतर
read,वाचा
level,पातळी
allow,परवानगी द्या
add,जोडा
office,कार्यालय
spend,खर्च
door,दरवाजा
health,आरोग्य
person,व्यक्ती
art,कला
sure,खात्रीने
such,अशा
war,युद्ध
history,इतिहास
party,पार्टी
within,आत
grow,वाढणे
result,परिणाम
open,उघडा
change,बदल
morning,सकाळी
walk,चालणे
reason,कारण
low,कमी
win,जिंकणे
research,संशोधन
girl,मुलगी
guy,माणूस
early,लवकर
food,अन्न
before,आधी
moment,क्षण
himself,स्वतः
air,हवा
teacher,शिक्षक
force,सक्ती
offer,ऑफर
enough,पुरेसा
both,दोन्ही
education,शिक्षण
across,ओलांडून
although,जरी
remember,लक्षात ठेवा
foot,पाऊल
second,दुसरा
boy,मुलगा
maybe,कदाचित
toward,दिशेने
able,सक्षम
age,वय
off,बंद
policy,धोरण
everything,सर्व काही
love,प्रेम
process,प्रक्रिया
music,संगीत
including,समावेश
consider,विचार करा
appear,दिसणे
actually,प्रत्यक्षात
buy,खरेदी
probably,कदाचित
human,मानव
wait,प्रतीक्षा करा
serve,सर्व्ह करणे
market,बाजार
die,मरणे
send,पाठवा
expect,अपेक्षा
home,मुख्यपृष्ठ
sense,अर्थ
build,बांधणे
stay,राहा
fall,पडणे
oh,अरे
nation,राष्ट्र
plan,योजना
cut,कट
college,कॉलेज
interest,व्याज
death,मृत्यू
course,अभ्यासक्रम
someone,कोणीतरी
experience,अनुभव
behind,मागे
reach,पोहोचणे
local,स्थानिक
kill,मारणे
six,सहा
remain,राहणे
effect,परिणाम
use,वापर
yeah,होय
suggest,सूचित
class,वर्ग
control,नियंत्रण
raise,वाढवणे
care,काळजी
perhaps,कदाचित
little,थोडे
late,उशीरा
hard,कठीण
field,फील्ड
else,इतर
pass,पास
former,माजी
sell,विक्री
major,प्रमुख
sometimes,कधी कधी
require,आवश्यक
along,बाजूने
development,विकास
themselves,स्वत:
report,अहवाल
role,भूमिका
better,चांगले
economic,आर्थिक
effort,प्रयत्न
up,वर
decide,ठरवा
rate,दर
strong,मजबूत
possible,शक्य
heart,हृदय
drug,औषध
show,दाखवा
leader,नेता
light,प्रकाश
voice,आवाज
wife,पत्नी
whole,संपूर्ण
police,पोलीस
mind,मन
finally,शेवटी
pull,खेचणे
return,परत
free,फुकट
military,लष्करी
price,किंमत
report,अहवाल
less,कमी
according,त्यानुसार
decision,निर्णय
explain,स्पष्ट करणे
son,मुलगा
hope,आशा
even,अगदी
develop,विकसित करणे
view,दृश्य
relationship,नाते
carry,वाहून नेणे
town,शहर
road,रस्ता
drive,ड्राइव्ह
arm,हात
TRUE,खरे
federal,फेडरल
break,खंडित
better,चांगले
difference,फरक
thank,धन्यवाद
receive,प्राप्त
value,मूल्य
international,आंतरराष्ट्रीय
building,इमारत
action,क्रिया
full,पूर्ण
model,मॉडेल
join,सामील होणे
season,हंगाम
society,समाज
because,कारण
tax,कर
director,दिग्दर्शक
early,लवकर
position,स्थिती
player,खेळाडू
agree,सहमत
especially,विशेषतः
record,विक्रम
pick,निवडा
wear,परिधान
paper,कागद
special,विशेष
space,जागा
ground,जमीन
form,फॉर्म
support,समर्थन
event,कार्यक्रम
official,अधिकृत
whose,ज्याचे
matter,बाब
everyone,प्रत्येकजण
center,केंद्र
couple,जोडी
site,जागा
end,शेवट
project,प्रकल्प
hit,दाबा
base,पाया
activity,क्रियाकलाप
star,तारा
table,टेबल
need,गरज
court,न्यायालय
produce,उत्पादन
eat,खाणे
American,अमेरिकन
teach,शिकवणे
oil,तेल
half,अर्धा
situation,परिस्थिती
easy,सोपे
cost,खर्च
industry,उद्योग
figure,आकृती
face,चेहरा
street,रस्ता
image,प्रतिमा
itself,स्वतः
phone,फोन
either,एकतर
data,डेटा
cover,कव्हर
quite,अगदी
picture,चित्र
clear,स्पष्ट
practice,सराव
piece,तुकडा
land,जमीन
recent,अलीकडील
describe,वर्णन करणे
product,उत्पादन
doctor,डॉक्टर
wall,भिंत
patient,रुग्ण
worker,कामगार
news,बातम्या
test,चाचणी
movie,चित्रपट
certain,निश्चित
north,उत्तर
love,प्रेम
personal,वैयक्तिक
open,उघडा
support,समर्थन
simply,फक्त
third,तिसऱ्या
technology,तंत्रज्ञान
catch,झेल
step,पाऊल
baby,बाळ
computer,संगणक
type,प्रकार
attention,लक्ष
draw,काढणे
film,चित्रपट
Republican,रिपब्लिकन
tree,झाड
source,स्रोत
red,लाल
nearly,जवळजवळ
organization,संस्था
choose,निवडा
cause,कारण
hair,केस
look,दिसत
point,बिंदू
century,शतक
evidence,पुरावा
window,खिडकी
difficult,अवघड
listen,ऐका
soon,लवकरच
culture,संस्कृती
billion,अब्ज
chance,संधी
brother,भाऊ
energy,ऊर्जा
period,कालावधी
course,अभ्यासक्रम
summer,उन्हाळा
less,कमी
realize,जाणीव
hundred,शंभर
available,उपलब्ध
plant,वनस्पती
likely,शक्यता
opportunity,संधी
term,मुदत
short,लहान
letter,पत्र
condition,अट
choice,निवड
place,जागा
single,अविवाहित
rule,नियम
daughter,मुलगी
administration,प्रशासन
south,दक्षिण
husband,नवरा
Congress,काँग्रेस
floor,मजला
campaign,मोहीम
material,साहित्य
population,लोकसंख्या
well,चांगले
call,कॉल
economy,अर्थव्यवस्था
medical,वैद्यकीय
hospital,रुग्णालय
church,चर्च
close,बंद
thousand,हजार
risk,धोका
current,वर्तमान
fire,आग
future,भविष्य
wrong,चुकीचे
involve,गुंतवणे
defense,संरक्षण
anyone,कोणीही
increase,वाढ
security,सुरक्षा
bank,बँक
myself,स्वतः
certainly,नक्कीच
west,पश्चिम
sport,खेळ
board,बोर्ड
seek,शोधणे
per,प्रति
subject,विषय
officer,अधिकारी
private,खाजगी
rest,उर्वरित
behavior,वर्तन
deal,करार
performance,कामगिरी
fight,लढा
throw,फेकणे
top,शीर्ष
quickly,पटकन
past,भूतकाळ
goal,ध्येय
second,दुसरा
bed,पलंग
order,ऑर्डर
author,लेखक
fill,भरा
represent,प्रतिनिधित्व करा
focus,लक्ष केंद्रित
foreign,परदेशी
drop,थेंब
plan,योजना
blood,रक्त
upon,वर
agency,एजन्सी
push,ढकलणे
nature,निसर्ग
color,रंग
no,नाही
recently,अलीकडे
store,स्टोअर
reduce,कमी करणे
sound,आवाज
note,नोंद
fine,ठीक
before,आधी
near,जवळ
movement,हालचाल
page,पृष्ठ
enter,प्रविष्ट करा
share,शेअर
than,पेक्षा
common,सामान्य
poor,गरीब
other,इतर
natural,नैसर्गिक
race,शर्यत
concern,चिंता
series,मालिका
significant,लक्षणीय
similar,समान
hot,गरम
language,इंग्रजी
each,प्रत्येक
usually,सहसा
response,प्रतिसाद
dead,मृत
rise,उदय
animal,प्राणी
factor,घटक
decade,दशक
article,लेख
shoot,शूट
east,पूर्व
save,जतन करा
seven,सात
artist,कलाकार
away,लांब
scene,देखावा
stock,साठा
career,करिअर
despite,असूनही
central,मध्यवर्ती
eight,आठ
thus,अशा प्रकारे
treatment,उपचार
beyond,पलीकडे
happy,आनंदी
exactly,नक्की
protect,संरक्षण
approach,दृष्टीकोन
lie,खोटे बोलणे
size,आकार
dog,कुत्रा
fund,निधी
serious,गंभीर
occur,घडणे
media,मीडिया
ready,तयार
sign,चिन्ह
thought,विचार
list,यादी
individual,वैयक्तिक
simple,सोपे
quality,गुणवत्ता
pressure,दबाव
accept,स्वीकारा
answer,उत्तर
hard,कठीण
resource,संसाधन
identify,ओळखणे
left,बाकी
meeting,बैठक
determine,ठरवणे
prepare,तयार करणे
disease,आजार
whatever,जे काही
success,यश
argue,वाद घालणे
cup,कप
particularly,विशेषतः
amount,रक्कम
ability,क्षमता
staff,कर्मचारी
recognize,ओळखणे
indicate,सूचित करा
character,वर्ण
growth,वाढ
loss,तोटा
degree,पदवी
wonder,आश्चर्य
attack,हल्ला
herself,स्वतःला
region,प्रदेश
television,दूरदर्शन
box,बॉक्स
TV,टीव्ही
training,प्रशिक्षण
pretty,सुंदर
trade,व्यापार
deal,करार
election,निवडणूक
everybody,प्रत्येकजण
physical,शारीरिक
lay,घालणे
general,सामान्य
feeling,भावना
standard,मानक
bill,बिल
message,संदेश
fail,अपयशी
outside,बाहेर
arrive,पोहोचणे
analysis,विश्लेषण
benefit,फायदा
name,नाव
sex,लिंग
forward,पुढे
lawyer,वकील
present,उपस्थित
section,विभाग
environmental,पर्यावरणविषयक
glass,काच
answer,उत्तर
skill,कौशल्य
sister,बहीण
PM,पीएम
professor,प्राध्यापक
operation,ऑपरेशन
financial,आर्थिक
crime,गुन्हा
stage,स्टेज
ok,ठीक आहे
compare,तुलना करा
authority,अधिकार
miss,चुकणे
design,डिझाइन
sort,क्रमवारी लावा
one,एक
act,कृती
ten,दहा
knowledge,ज्ञान
gun,बंदूक
station,स्टेशन
blue,निळा
state,राज्य
strategy,धोरण
little,थोडे
clearly,स्पष्टपणे
discuss,चर्चा
indeed,खरंच
force,सक्ती
truth,सत्य
song,गाणे
example,उदाहरण
democratic,लोकशाही
check,तपासा
environment,वातावरण
leg,पाय
dark,गडद
public,सार्वजनिक
various,विविध
rather,त्याऐवजी
laugh,हसणे
guess,अंदाज
executive,कार्यकारी
set,सेट
study,अभ्यास
prove,सिद्ध करणे
hang,फाशी देणे
entire,संपूर्ण
rock,खडक
design,डिझाइन
enough,पुरेसा
forget,विसरणे
since,पासून
claim,दावा
note,नोंद
remove,काढा
manager,व्यवस्थापक
help,मदत
close,बंद
sound,आवाज
enjoy,आनंद घ्या
network,नेटवर्क
legal,कायदेशीर
religious,धार्मिक
cold,थंड
form,फॉर्म
final,अंतिम
main,मुख्य
science,विज्ञान
green,हिरवा
memory,स्मृती
card,कार्ड
above,वर
seat,आसन
cell,सेल
establish,स्थापन करणे
nice,छान
trial,चाचणी
expert,तज्ञ
that,ते
spring,वसंत ऋतू
firm,टणक
Democrat,लोकशाहीवादी
radio,रेडिओ
visit,भेट
management,व्यवस्थापन
care,काळजी
avoid,टाळा
imagine,कल्पना करा
tonight,आज रात्री
huge,प्रचंड
ball,चेंडू
no,नाही
close,बंद
finish,समाप्त
yourself,तू स्वतः
talk,बोलणे
theory,सिद्धांत
impact,प्रभाव
respond,प्रतिसाद
statement,विधान
maintain,राखणे
charge,शुल्क
popular,लोकप्रिय
traditional,पारंपारिक
onto,वर
reveal,प्रकट करणे
direction,दिशा
weapon,शस्त्र
employee,कर्मचारी
cultural,सांस्कृतिक
contain,समाविष्ट
peace,शांतता
head,डोके
control,नियंत्रण
base,पाया
pain,वेदना
apply,लागू करा
play,खेळणे
measure,मोजमाप
wide,रुंद
shake,शेक
fly,उडणे
interview,मुलाखत
manage,व्यवस्थापित करा
chair,खुर्ची
fish,मासे
particular,विशिष्ट
camera,कॅमेरा
structure,रचना
politics,राजकारण
perform,पार पाडणे
bit,बिट
weight,वजन
suddenly,अचानक
discover,शोधा
candidate,उमेदवार
top,शीर्ष
production,उत्पादन
treat,उपचार
trip,सहल
evening,संध्याकाळ
affect,प्रभावित
inside,आत
conference,परिषद
unit,युनिट
best,सर्वोत्तम
style,शैली
adult,प्रौढ
worry,काळजी
range,श्रेणी
mention,उल्लेख
rather,त्याऐवजी
far,दूर
deep,खोल
past,भूतकाळ
edge,धार
individual,वैयक्तिक
specific,विशिष्ट
writer,लेखक
trouble,त्रास
necessary,आवश्यक
throughout,संपूर्ण
challenge,आव्हान
fear,भीती
shoulder,खांदा
institution,संस्था
middle,मधला
sea,समुद्र
dream,स्वप्न
bar,बार
beautiful,सुंदर
property,मालमत्ता
instead,त्याऐवजी
improve,सुधारणे
stuff,सामान
detail,तपशील
method,पद्धत
sign,चिन्ह
somebody,कोणीतरी
magazine,मासिक
hotel,हॉटेल
soldier,शिपाई
reflect,प्रतिबिंबित करा
heavy,जड
sexual,लैंगिक
cause,कारण
bag,पिशवी
heat,उष्णता
fall,पडणे
marriage,लग्न
tough,कठीण
sing,गाणे
surface,पृष्ठभाग
purpose,उद्देश
exist,अस्तित्वात आहे
pattern,नमुना
whom,ज्या
skin,त्वचा
agent,एजंट
owner,मालक
machine,मशीन
gas,गॅस
down,खाली
ahead,पुढे
generation,पिढी
commercial,व्यावसायिक
address,पत्ता
cancer,कर्करोग
test,चाचणी
item,आयटम
reality,वास्तव
coach,प्रशिक्षक
step,पाऊल
Mrs,सौ
yard,यार्ड
beat,मारणे
violence,हिंसा
total,एकूण
tend,कल
investment,गुंतवणूक
discussion,चर्चा
finger,बोट
garden,बाग
notice,सूचना
collection,संकलन
modern,आधुनिक
task,कार्य
partner,भागीदार
positive,सकारात्मक
civil,नागरी
kitchen,स्वयंपाकघर
consumer,ग्राहक
shot,शॉट
budget,बजेट
wish,इच्छा
painting,चित्रकला
scientist,शास्त्रज्ञ
safe,सुरक्षित
agreement,करार
capital,भांडवल
mouth,तोंड
nor,किंवा
victim,बळी
newspaper,वृत्तपत्र
instead,त्याऐवजी
threat,धमकी
responsibility,जबाबदारी
smile,स्मित
attorney,वकील
score,धावसंख्या
account,खाते
interesting,मनोरंजक
break,खंडित
audience,प्रेक्षक
rich,श्रीमंत
dinner,रात्रीचे जेवण
figure,आकृती
vote,मत
western,पश्चिम
relate,संबंधित
travel,प्रवास
debate,वादविवाद
prevent,प्रतिबंध
citizen,नागरिक
majority,बहुमत
none,काहीही नाही
front,समोर
born,जन्म
admit,कबूल करा
senior,वरिष्ठ
assume,गृहीत धरणे
wind,वारा
key,की
professional,व्यावसायिक
mission,मिशन
fast,जलद
alone,एकटा
customer,ग्राहक
suffer,त्रास
speech,भाषण
successful,यशस्वी
option,पर्याय
participant,सहभागी
southern,दक्षिणेकडील
fresh,ताजे
eventually,अखेरीस
no,नाही
forest,वन
video,व्हिडिओ
global,जागतिक
Senate,सिनेट
reform,सुधारणा
access,प्रवेश
restaurant,उपहारगृह
judge,न्यायाधीश
publish,प्रकाशित करा
cost,खर्च
relation,संबंध
like,जसे
release,सोडणे
own,स्वतःचे
bird,पक्षी
opinion,मत
credit,क्रेडिट
critical,गंभीर
corner,कोपरा
concerned,संबंधित
recall,आठवणे
version,आवृत्ती
stare,टक लावून पाहणे
safety,सुरक्षितता
effective,प्रभावी
neighborhood,शेजार
original,मूळ
act,कृती
troop,दल
income,उत्पन्न
directly,थेट
hurt,दुखापत
species,प्रजाती
immediately,लगेच
track,ट्रॅक
basic,मूलभूत
strike,संप
hope,आशा
sky,आकाश
freedom,स्वातंत्र्य
absolutely,पूर्णपणे
plane,विमान
nobody,कोणीही नाही
achieve,साध्य करणे
object,वस्तू
attitude,वृत्ती
labor,श्रम
refer,पहा
concept,संकल्पना
client,ग्राहक
powerful,शक्तिशाली
perfect,परिपूर्ण
nine,नऊ
therefore,म्हणून
conduct,आचरण
announce,घोषणा करा
conversation,संभाषण
examine,परीक्षण
touch,स्पर्श
please,कृपया
attend,उपस्थित राहणे
completely,पूर्णपणे
vote,मत
variety,विविधता
sleep,झोप
turn,वळण
involved,सहभागी
investigation,तपास
nuclear,आण्विक
researcher,संशोधक
press,दाबा
conflict,संघर्ष
spirit,आत्मा
experience,अनुभव
replace,बदला
British,ब्रिटीश
encourage,प्रोत्साहित करा
argument,युक्तिवाद
by,द्वारे
once,एकदा
camp,शिबिर
brain,मेंदू
feature,वैशिष्ट्य
afternoon,दुपारी
AM,आहे
weekend,शनिवार व रविवार
dozen,डझन
possibility,शक्यता
along,बाजूने
insurance,विमा
department,विभाग
battle,लढाई
beginning,सुरुवात
date,तारीख
generally,साधारणपणे
African,आफ्रिकन
very,खूप
sorry,क्षमस्व
crisis,संकट
complete,पूर्ण
fan,पंखा
stick,काठी
define,परिभाषित
easily,सहज
through,माध्यमातून
hole,छिद्र
element,घटक
vision,दृष्टी
status,स्थिती
normal,सामान्य
Chinese,चिनी
ship,जहाज
solution,उपाय
stone,दगड
slowly,हळूहळू
scale,स्केल
bit,बिट
university,विद्यापीठ
introduce,परिचय
driver,चालक
attempt,प्रयत्न
park,पार्क
spot,स्पॉट
lack,अभाव
ice,बर्फ
boat,बोट
drink,पेय
sun,सूर्य
front,समोर
distance,अंतर
wood,लाकूड
handle,हाताळणे
truck,ट्रक
return,परत
mountain,डोंगर
survey,सर्वेक्षण
supposed,गृहीत
tradition,परंपरा
winter,हिवाळा
village,गाव
Soviet,सोव्हिएत
refuse,नकार
sales,विक्री
roll,रोल
communication,संवाद
run,धावणे
screen,स्क्रीन
gain,मिळवणे
resident,रहिवासी
hide,लपवा
gold,सोने
club,क्लब
future,भविष्य
farm,शेत
potential,संभाव्य
increase,वाढ
middle,मधला
European,युरोपियन
presence,उपस्थिती
independent,स्वतंत्र
district,जिल्हा
shape,आकार
reader,वाचक
Ms,कु
contract,करार
crowd,गर्दी
Christian,ख्रिश्चन
express,व्यक्त
apartment,अपार्टमेंट
willing,इच्छुक
strength,शक्ती
previous,मागील
band,बँड
obviously,स्पष्टपणे
horse,घोडा
interested,स्वारस्य
target,लक्ष्य
prison,तुरुंग
ride,सवारी
guard,रक्षक
terms,अटी
demand,मागणी
reporter,पत्रकार
deliver,वितरित करणे
text,मजकूर
share,शेअर
tool,साधन
wild,जंगली
vehicle,वाहन
observe,निरीक्षण
flight,उड्डाण
inside,आत
facility,सुविधा
understanding,समज
average,सरासरी
emerge,उदयास येणे
advantage,फायदा
quick,जलद
light,प्रकाश
leadership,नेतृत्व
earn,कमवा
pound,पौंड
basis,आधार
bright,तेजस्वी
operate,ऑपरेट
guest,अतिथी
sample,नमुना
contribute,योगदान
tiny,लहान
block,ब्लॉक
protection,संरक्षण
settle,ठरविणे
feed,अन्न देणे
collect,गोळा करणे
additional,अतिरिक्त
while,असताना
highly,अत्यंत
identity,ओळख
title,शीर्षक
mostly,बहुतेक
lesson,धडा
faith,विश्वास
river,नदी
promote,प्रोत्साहन
living,जगणे
present,उपस्थित
count,मोजणे
unless,जोपर्यंत
marry,लग्न करा
tomorrow,उद्या
technique,तंत्र
path,मार्ग
ear,कान
shop,दुकान
folk,लोक
order,ऑर्डर
principle,तत्त्व
survive,जगणे
lift,लिफ्ट
border,सीमा
competition,स्पर्धा
jump,उडी
gather,गोळा
limit,मर्यादा
fit,फिट
claim,दावा
cry,रडणे
equipment,उपकरणे
worth,किमतीची
associate,सहयोगी
critic,समीक्षक
warm,उबदार
aspect,पैलू
result,परिणाम
insist,आग्रह धरणे
failure,अपयश
annual,वार्षिक
French,फ्रेंच
Christmas,ख्रिसमस
comment,टिप्पणी
responsible,जबाबदार
affair,प्रकरण
approach,दृष्टीकोन
until,पर्यंत
procedure,प्रक्रिया
regular,नियमित
spread,प्रसार
chairman,अध्यक्ष
baseball,बेसबॉल
soft,मऊ
ignore,दुर्लक्ष करा
egg,अंडी
measure,मोजमाप
belief,विश्वास
demonstrate,प्रात्यक्षिक
anybody,कोणीही
murder,खून
gift,भेट
religion,धर्म
review,पुनरावलोकन
editor,संपादक
past,भूतकाळ
engage,गुंतणे
coffee,कॉफी
document,दस्तऐवज
speed,गती
cross,फुली
influence,प्रभाव
anyway,असो
threaten,धमकी देणे
commit,वचनबद्ध
female,स्त्री
youth,तरुण
wave,लाट
move,हलवा
afraid,भीती
quarter,तिमाहीत
background,पार्श्वभूमी
native,मुळ
broad,व्यापक
wonderful,अद्भुत
deny,नाकारणे
apparently,वरवर पाहता
slightly,किंचित
reaction,प्रतिक्रिया
twice,दोनदा
suit,सूट
perspective,दृष्टीकोन
growing,वाढत आहे
blow,फुंकणे
construction,बांधकाम
kind,दयाळू
intelligence,बुद्धिमत्ता
destroy,नष्ट करणे
cook,कूक
connection,कनेक्शन
charge,शुल्क
burn,जाळणे
shoe,बूट
view,दृश्य
grade,ग्रेड
context,संदर्भ
committee,समिती
hey,अहो
mistake,चूक
focus,लक्ष केंद्रित
smile,स्मित
location,स्थान
clothes,कपडे
Indian,भारतीय
quiet,शांत
dress,ड्रेस
promise,वचन
aware,जाणीव
neighbor,शेजारी
complete,पूर्ण
drive,ड्राइव्ह
function,कार्य
bone,हाड
active,सक्रिय
extend,वाढवणे
chief,प्रमुख
average,सरासरी
combine,एकत्र
wine,वाइन
below,खाली
cool,थंड
voter,मतदार
mean,अर्थ
demand,मागणी
learning,शिकणे
bus,बस
hell,नरक
dangerous,धोकादायक
remind,आठवण करून द्या
moral,नैतिक
United,संयुक्त
category,श्रेणी
relatively,तुलनेने
victory,विजय
key,की
academic,शैक्षणिक
visit,भेट
Internet,इंटरनेट
healthy,निरोगी
fire,आग
negative,नकारात्मक
following,खालील
historical,ऐतिहासिक
medicine,औषध
tour,फेरफटका
depend,अवलंबून
photo,छायाचित्र
finding,शोधणे
grab,झडप घालणे
direct,थेट
classroom,वर्ग
contact,संपर्क
justice,न्याय
participate,सहभागी होणे
daily,दररोज
fair,योग्य
pair,जोडी
famous,प्रसिद्ध
exercise,व्यायाम
knee,गुडघा
flower,फूल
tape,टेप
hire,भाड्याने
familiar,परिचित
appropriate,योग्य
supply,पुरवठा
fully,पूर्णपणे
cut,कट
will,इच्छा
actor,अभिनेता
birth,जन्म
search,शोध
tie,बांधणे
democracy,लोकशाही
eastern,पूर्वेकडील
primary,प्राथमिक
yesterday,काल
circle,वर्तुळ
device,डिव्हाइस
progress,प्रगती
next,पुढे
front,समोर
bottom,तळाशी
island,बेट
exchange,देवाणघेवाण
clean,स्वच्छ
studio,स्टुडिओ
train,ट्रेन
lady,बाई
colleague,सहकारी
application,अर्ज
neck,मान
lean,दुबळा
damage,नुकसान
plastic,प्लास्टिक
tall,उंच
plate,प्लेट
hate,द्वेष
otherwise,अन्यथा
writing,लेखन
press,दाबा
male,पुरुष
start,प्रारंभ
alive,जिवंत
expression,अभिव्यक्ती
football,फुटबॉल
intend,हेतू
attack,हल्ला
chicken,चिकन
army,सैन्य
abuse,गैरवर्तन
theater,थिएटर
shut,बंद
map,नकाशा
extra,अतिरिक्त
session,सत्र
danger,धोका
welcome,स्वागत
domestic,घरगुती
lots,बरेच
literature,साहित्य
rain,पाऊस
desire,इच्छा
assessment,मूल्यांकन
injury,इजा
respect,आदर
northern,उत्तर
nod,होकार
paint,रंग
fuel,इंधन
leaf,पान
direct,थेट
dry,कोरडे
Russian,रशियन
instruction,सूचना
fight,लढा
pool,पूल
climb,चढणे
sweet,गोड
lead,आघाडी
engine,इंजिन
fourth,चौथा
salt,मीठ
expand,विस्तृत करा
importance,महत्त्व
metal,धातू
fat,चरबी
ticket,तिकीट
software,सॉफ्टवेअर
disappear,अदृश्य
corporate,कॉर्पोरेट
strange,विचित्र
lip,ओठ
reading,वाचन
urban,शहरी
mental,वेडा
increasingly,वाढत्या
lunch,दुपारचे जेवण
educational,शैक्षणिक
somewhere,कुठेतरी
farmer,शेतकरी
above,वर
sugar,साखर
planet,ग्रह
favorite,आवडते
explore,अन्वेषण
obtain,मिळवणे
enemy,शत्रू
greatest,महान
complex,जटिल
surround,घेरणे
athlete,धावपटू
invite,आमंत्रित करा
repeat,पुनरावृत्ती
carefully,काळजीपूर्वक
soul,आत्मा
scientific,वैज्ञानिक
impossible,अशक्य
panel,पटल
meaning,अर्थ
mom,आई
married,विवाहित
alone,एकटा
instrument,साधन
predict,अंदाज
weather,हवामान
presidential,अध्यक्षीय
emotional,भावनिक
commitment,वचनबद्धता
Supreme,सर्वोच्च
bear,अस्वल
pocket,खिसा
thin,पातळ
temperature,तापमान
surprise,आश्चर्य
poll,मतदान
proposal,प्रस्ताव
consequence,परिणाम
half,अर्धा
breath,श्वास
sight,दृष्टी
cover,कव्हर
balance,शिल्लक
adopt,दत्तक घेणे
minority,अल्पसंख्याक
straight,सरळ
attempt,प्रयत्न
connect,कनेक्ट करा
works,कार्य करते
teaching,शिक्षण
belong,संबंधित
aid,मदत
advice,सल्ला
okay,ठीक आहे
photograph,फोटो
empty,रिक्त
regional,प्रादेशिक
trail,माग
novel,कादंबरी
code,कोड
somehow,कसा तरी
organize,आयोजित करणे
jury,जूरी
breast,स्तन
Iraqi,इराकी
human,मानव
acknowledge,कबूल करणे
theme,थीम
storm,वादळ
union,संघ
record,विक्रम
desk,डेस्क
fear,भीती
thanks,धन्यवाद
fruit,फळ
under,अंतर्गत
expensive,महाग
yellow,पिवळा
conclusion,निष्कर्ष
prime,अविभाज्य
shadow,सावली
struggle,संघर्ष
conclude,निष्कर्ष काढणे
analyst,विश्लेषक
dance,नृत्य
limit,मर्यादा
like,जसे
regulation,नियमन
being,अस्तित्व
last,शेवटचे
ring,अंगठी
largely,मोठ्या प्रमाणावर
shift,शिफ्ट
revenue,महसूल
mark,चिन्ह
locate,शोधून काढणे
county,काउंटी
appearance,देखावा
package,पॅकेज
difficulty,अडचण
bridge,पूल
recommend,शिफारस करा
obvious,स्पष्ट
train,ट्रेन
basically,मुळात
e-mail,ई-मेल
generate,उत्पन्न करा
anymore,यापुढे
propose,प्रस्ताव
thinking,विचार
possibly,शक्यतो
trend,कल
visitor,पाहुणे
loan,कर्ज
currently,सध्या
comfortable,आरामदायक
investor,गुंतवणूकदार
but,परंतु
profit,नफा
angry,राग
crew,चालक दल
deep,खोल
accident,अपघात
male,पुरुष
meal,जेवण
hearing,सुनावणी
traffic,रहदारी
muscle,स्नायू
notion,कल्पना
capture,पकडणे
prefer,प्राधान्य
truly,खरोखर
earth,पृथ्वी
Japanese,जपानी
chest,छाती
search,शोध
thick,जाड
cash,रोख
museum,संग्रहालय
beauty,सौंदर्य
emergency,आणीबाणी
unique,अद्वितीय
feature,वैशिष्ट्य
internal,अंतर्गत
ethnic,वांशिक
link,दुवा
stress,ताण
content,सामग्री
select,निवडा
root,मूळ
nose,नाक
declare,घोषित करा
outside,बाहेर
appreciate,प्रशंसा
actual,वास्तविक
bottle,बाटली
hardly,महत्प्रयासाने
setting,सेटिंग
launch,प्रक्षेपण
dress,ड्रेस
file,फाइल
sick,आजारी
outcome,परिणाम
ad,जाहिरात
defend,बचाव
matter,बाब
judge,न्यायाधीश
duty,कर्तव्य
sheet,पत्रक
ought,पाहिजे
ensure,खात्री करा
Catholic,कॅथोलिक
extremely,अत्यंत
extent,विस्तार
component,घटक
mix,मिसळा
long-term,दीर्घकालीन
slow,मंद
contrast,कॉन्ट्रास्ट
zone,झोन
wake,जागे
challenge,आव्हान
airport,विमानतळ
chief,प्रमुख
brown,तपकिरी
standard,मानक
shirt,शर्ट
pilot,पायलट
warn,चेतावणी
ultimately,शेवटी
cat,मांजर
contribution,योगदान
capacity,क्षमता
ourselves,स्वतःला
estate,इस्टेट
guide,मार्गदर्शन
circumstance,परिस्थिती
snow,बर्फ
English,इंग्रजी
politician,राजकारणी
steal,चोरी
pursue,पाठपुरावा
slip,स्लिप
percentage,टक्केवारी
meat,मांस
funny,मजेदार
neither,एकही नाही
soil,माती
influence,प्रभाव
surgery,शस्त्रक्रिया
correct,योग्य
Jewish,ज्यू
blame,दोष
estimate,अंदाज
due,देय
basketball,बास्केटबॉल
late,उशीरा
golf,गोल्फ
investigate,चौकशी
crazy,वेडा
significantly,लक्षणीय
chain,साखळी
address,पत्ता
branch,शाखा
combination,संयोजन
just,फक्त
frequently,वारंवार
governor,राज्यपाल
relief,आराम
user,वापरकर्ता
dad,बाबा
kick,लाथ मारणे
part,भाग
manner,पद्धत
ancient,प्राचीन
silence,शांतता
rating,रेटिंग
golden,सोनेरी
motion,गती
German,जर्मन
gender,लिंग
solve,सोडवणे
fee,फी
landscape,लँडस्केप
used,वापरले
bowl,वाटी
equal,समान
long,लांब
official,अधिकृत
forth,पुढे
frame,फ्रेम
typical,ठराविक
except,वगळता
conservative,पुराणमतवादी
eliminate,दूर करणे
host,यजमान
hall,हॉल
trust,विश्वास
ocean,महासागर
score,धावसंख्या
row,पंक्ती
producer,निर्माता
afford,परवडणे
meanwhile,दरम्यान
regime,शासन
division,विभागणी
confirm,पुष्टी
fix,निराकरण
appeal,आवाहन
mirror,आरसा
tooth,दात
smart,हुशार
length,लांबी
entirely,संपूर्णपणे
rely,विसंबून
topic,विषय
complain,तक्रार
issue,समस्या
variable,चल
back,परत
range,श्रेणी
telephone,टेलिफोन
perception,समज
attract,आकर्षित करणे
confidence,आत्मविश्वास
bedroom,बेडरूम
secret,गुप्त
debt,कर्ज
rare,दुर्मिळ
his,त्याचा
tank,टाकी
nurse,परिचारिका
coverage,कव्हरेज
opposition,विरोध
aside,बाजूला
anywhere,कुठेही
bond,बंधन
file,फाइल
pleasure,आनंद
master,मास्टर
era,युग
requirement,आवश्यकता
check,तपासा
stand,उभे
fun,मजा
expectation,अपेक्षा
wing,पंख
separate,वेगळे
now,आता
clear,स्पष्ट
struggle,संघर्ष
mean,अर्थ
somewhat,काहीसे
pour,ओतणे
stir,ढवळणे
judgment,निर्णय
clean,स्वच्छ
except,वगळता
beer,बिअर
English,इंग्रजी
reference,संदर्भ
tear,फाडणे
doubt,शंका
grant,अनुदान
seriously,गंभीरपणे
account,खाते
minister,मंत्री
totally,पूर्णपणे
hero,नायक
industrial,औद्योगिक
cloud,ढग
stretch,ताणून लांब करणे
winner,विजेता
volume,खंड
travel,प्रवास
seed,बियाणे
surprised,आश्चर्यचकित
rest,उर्वरित
fashion,फॅशन
pepper,मिरपूड
separate,वेगळे
busy,व्यस्त
intervention,हस्तक्षेप
copy,कॉपी
tip,टीप
below,खाली
cheap,स्वस्त
aim,लक्ष्य
cite,उद्धृत करा
welfare,कल्याण
vegetable,भाजी
gray,राखाडी
dish,ताटली
beach,समुद्रकिनारा
improvement,सुधारणा
everywhere,सर्वत्र
opening,उघडणे
overall,एकूणच
divide,विभागणे
initial,प्रारंभिक
terrible,भयानक
oppose,विरोध
contemporary,समकालीन
route,मार्ग
multiple,एकाधिक
essential,आवश्यक
question,प्रश्न
league,लीग
criminal,गुन्हेगार
careful,काळजीपूर्वक
core,कोर
upper,वरील
rush,गर्दी
necessarily,अपरिहार्यपणे
specifically,विशेषत
tired,थकलेले
rise,उदय
tie,बांधणे
employ,नोकरी
holiday,सुट्टी
dance,नृत्य
vast,विशाल
resolution,ठराव
household,घरगुती
fewer,कमी
abortion,गर्भपात
apart,वेगळे
witness,साक्षीदार
match,जुळणे
barely,जेमतेम
sector,क्षेत्र
representative,प्रतिनिधी
lack,अभाव
beneath,खाली
beside,बाजूला
black,काळा
incident,घटना
limited,मर्यादित
proud,अ भी मा न
flow,प्रवाह
faculty,विद्याशाखा
increased,वाढले
waste,कचरा
merely,फक्त
mass,वस्तुमान
emphasize,जोर देणे
experiment,प्रयोग
definitely,निश्चितपणे
bomb,बॉम्ब
enormous,प्रचंड
tone,टोन
liberal,उदारमतवादी
massive,प्रचंड
engineer,अभियंता
wheel,चाक
female,स्त्री
decline,घट
invest,गुंतवणूक करा
promise,वचन
cable,केबल
towards,दिशेने
expose,उघड करणे
rural,ग्रामीण
AIDS,एड्स
Jew,ज्यू
narrow,अरुंद
cream,मलई
secretary,सचिव
gate,गेट
solid,घन
hill,टेकडी
typically,सामान्यतः
noise,आवाज
grass,गवत
unfortunately,दुर्दैवाने
hat,टोपी
legislation,कायदा
succeed,यशस्वी
either,एकतर
celebrate,साजरा करणे
achievement,उपलब्धी
fishing,मासेमारी
drink,पेय
accuse,आरोप
hand,हात
useful,उपयुक्त
land,जमीन
secret,गुप्त
reject,नाकारणे
talent,प्रतिभा
taste,चव
characteristic,वैशिष्ट्यपूर्ण
milk,दूध
escape,सुटणे
cast,कास्ट
sentence,वाक्य
unusual,असामान्य
closely,जवळून
convince,पटवणे
height,उंची
physician,वैद्य
assess,मूल्यांकन
sleep,झोप
plenty,भरपूर
ride,सवारी
virtually,अक्षरशः
first,पहिला
addition,या व्यतिरिक्त
sharp,तीक्ष्ण
creative,सर्जनशील
lower,कमी
behind,मागे
approve,मंजूर
explanation,स्पष्टीकरण
outside,बाहेर
gay,समलिंगी
campus,कॅम्पस
proper,योग्य
live,राहतात
guilty,अपराधी
living,जगणे
acquire,घेणे
compete,स्पर्धा करणे
technical,तांत्रिक
plus,अधिक
mind,मन
potential,संभाव्य
immigrant,स्थलांतरित
weak,कमकुवत
illegal,बेकायदेशीर
hi,हाय
alternative,पर्यायी
interaction,परस्परसंवाद
column,स्तंभ
personality,व्यक्तिमत्व
signal,सिग्नल
curriculum,अभ्यासक्रम
list,यादी
honor,सन्मान
passenger,प्रवासी
assistance,मदत
forever,कायमचे
fun,मजा
regard,आदर
Israeli,इस्रायली
association,संघटना
twenty,वीस
knock,ठोका
review,पुनरावलोकन
wrap,लपेटणे
lab,प्रयोगशाळा
offer,ऑफर
display,प्रदर्शन
criticism,टीका
asset,मालमत्ता
depression,नैराश्य
spiritual,आध्यात्मिक
musical,संगीत
journalist,पत्रकार
prayer,प्रार्थना
suspect,संशयित
scholar,विद्वान
warning,चेतावणी
climate,हवामान
cheese,चीज
observation,निरीक्षण
childhood,बालपण
payment,पेमेंट
sir,सर
permit,परवानगी
cigarette,सिगारेट
definition,व्याख्या
priority,प्राधान्य
bread,ब्रेड
creation,निर्मिती
graduate,पदवीधर
request,विनंती
emotion,भावना
scream,किंचाळणे
dramatic,नाट्यमय
universe,विश्व
gap,अंतर
excellent,उत्कृष्ट
deeply,खोलवर
prosecutor,फिर्यादी
mark,चिन्ह
green,हिरवा
lucky,नशीबवान
drag,ड्रॅग
airline,विमान सेवा
library,लायब्ररी
agenda,अजेंडा
recover,पुनर्प्राप्त
factory,कारखाना
selection,निवड
primarily,प्रामुख्याने
roof,छप्पर
unable,अक्षम
expense,खर्च
initiative,पुढाकार
diet,आहार
arrest,अटक
funding,निधी
therapy,उपचार
wash,धुवा
schedule,वेळापत्रक
sad,दुःखी
brief,संक्षिप्त
housing,गृहनिर्माण
post,पोस्ट
purchase,खरेदी
existing,विद्यमान
dark,गडद
steel,स्टील
regarding,संबंधित
shout,ओरडणे
remaining,बाकी
visual,दृश्य
fairly,प्रामाणिकपणे
chip,चिप
violent,हिंसक
silent,शांत
suppose,समजा
self,स्वत:
bike,दुचाकी
tea,चहा
perceive,जाणणे
comparison,तुलना
settlement,सेटलमेंट
layer,थर
planning,नियोजन
far,दूर
description,वर्णन
later,नंतर
slow,मंद
slide,स्लाइड
widely,मोठ्या प्रमाणावर
wedding,लग्न
inform,माहिती द्या
portion,भाग
territory,प्रदेश
immediate,तात्काळ
opponent,विरोधक
abandon,सोडून देणे
link,दुवा
mass,वस्तुमान
lake,लेक
transform,रूपांतर
tension,तणाव
display,प्रदर्शन
leading,अग्रगण्य
bother,त्रास देणे
consist,समावेश
alcohol,दारू
enable,सक्षम करा
bend,वाकणे
saving,बचत
gain,मिळवणे
desert,वाळवंट
shall,करेल
error,त्रुटी
release,सोडणे
cop,पोलीस
Arab,अरब
double,दुप्पट
walk,चालणे
sand,वाळू
Spanish,स्पॅनिश
rule,नियम
hit,दाबा
print,छापणे
preserve,जतन करणे
passage,रस्ता
formal,औपचारिक
transition,संक्रमण
existence,अस्तित्व
album,अल्बम
participation,सहभाग
arrange,व्यवस्था
atmosphere,वातावरण
joint,संयुक्त
reply,उत्तर
cycle,सायकल
opposite,विरुद्ध
lock,कुलूप
whole,संपूर्ण
deserve,पात्र
consistent,सुसंगत
resistance,प्रतिकार
discovery,शोध
tear,फाडणे
exposure,उद्भासन
pose,पोझ
stream,प्रवाह
sale,विक्री
trust,विश्वास
benefit,फायदा
pot,भांडे
grand,भव्य
mine,माझे
hello,नमस्कार
coalition,युती
tale,कथा
knife,चाकू
resolve,निराकरण
racial,वांशिक
phase,टप्पा
present,उपस्थित
joke,विनोद
coat,कोट
Mexican,मेक्सिकन
symptom,लक्षणं
contact,संपर्क
manufacturer,निर्माता
philosophy,तत्वज्ञान
potato,बटाटा
interview,मुलाखत
foundation,पाया
quote,कोट
online,ऑनलाइन
pass,पास
negotiation,वाटाघाटी
good,चांगले
urge,आग्रह
occasion,प्रसंग
dust,धूळ
breathe,श्वास घेणे
elect,निवडून
investigator,अन्वेषक
jacket,जाकीट
glad,आनंद
ordinary,सामान्य
reduction,कपात
rarely,क्वचितच
shift,शिफ्ट
pack,पॅक
suicide,आत्महत्या
numerous,असंख्य
touch,स्पर्श
substance,पदार्थ
discipline,शिस्त
elsewhere,इतरत्र
iron,लोखंड
practical,व्यावहारिक
moreover,शिवाय
passion,आवड
volunteer,स्वयंसेवक
implement,अंमलबजावणी करणे
essentially,मूलत:
gene,जनुक
enforcement,अंमलबजावणी
vs,वि
sauce,सॉस
independence,स्वातंत्र्य
marketing,विपणन
priest,पुजारी
amazing,आश्चर्यकारक
intense,तीव्र
advance,प्रगती
employer,नियोक्ता
shock,धक्का
inspire,प्रेरणा
adjust,समायोजित करा
retire,निवृत्त
sure,खात्रीने
visible,दृश्यमान
kiss,चुंबन
illness,आजार
cap,टोपी
habit,सवय
competitive,स्पर्धात्मक
juice,रस
congressional,काँग्रेसचे
involvement,सहभाग
dominate,वर्चस्व
previously,पूर्वी
whenever,केव्हाही
transfer,हस्तांतरण
analyze,विश्लेषण करा
another,दुसरा
attach,संलग्न करा
for,च्या साठी
Indian,भारतीय
disaster,आपत्ती
parking,पार्किंग
prospect,संभावना
boss,बॉस
complaint,तक्रार
championship,चॅम्पियनशिप
coach,प्रशिक्षक
exercise,व्यायाम
fundamental,मूलभूत
severe,गंभीर
enhance,वाढविण्यासाठी
mystery,रहस्य
impose,लादणे
poverty,गरिबी
other,इतर
entry,प्रवेश
fat,चरबी
spending,खर्च करणे
king,राजा
evaluate,मूल्यांकन करा
symbol,चिन्ह
still,अजूनही
trade,व्यापार
maker,निर्माता
mood,मूड
accomplish,पूर्ण करणे
emphasis,जोर
illustrate,स्पष्ट करणे
boot,बूट
monitor,मॉनिटर
Asian,आशियाई
entertainment,मनोरंजन
bean,बीन
evaluation,मूल्यमापन
creature,प्राणी
commander,कमांडर
digital,डिजिटल
arrangement,व्यवस्था
concentrate,लक्ष केंद्रित
total,एकूण
usual,नेहमीच्या
anger,राग
psychological,मानसिक
heavily,जोरदारपणे
peak,शिखर
approximately,अंदाजे
increasing,वाढत आहे
disorder,विकार
missile,क्षेपणास्त्र
equally,तितकेच
vary,बदलते
wire,तार
round,गोल
distribution,वितरण
transportation,वाहतूक
holy,पवित्र
ring,अंगठी
twin,जुळे
command,आज्ञा
commission,कमिशन
interpretation,व्याख्या
breakfast,नाश्ता
stop,थांबा
strongly,जोरदार
engineering,अभियांत्रिकी
luck,नशीब
so-called,तथाकथित
constant,स्थिर
race,शर्यत
clinic,चिकित्सालय
veteran,अनुभवी
smell,वास
tablespoon,चमचे
capable,सक्षम
nervous,चिंताग्रस्त
tourist,पर्यटक
light,प्रकाश
toss,नाणेफेक
crucial,निर्णायक
bury,पुरणे
pray,प्रार्थना
tomato,टोमॅटो
exception,अपवाद
butter,लोणी
deficit,तूट
bathroom,स्नानगृह
objective,उद्देश
block,ब्लॉक
electronic,इलेक्ट्रॉनिक
ally,सहयोगी
journey,प्रवास
reputation,प्रतिष्ठा
mixture,मिश्रण
surely,नक्कीच
tower,टॉवर
smoke,धूर
confront,सामना
pure,शुद्ध
glance,दृष्टीक्षेप
dimension,परिमाण
toy,खेळणी
prisoner,कैदी
fellow,सहकारी
smooth,गुळगुळीत
nearby,जवळपास
peer,समवयस्क
designer,डिझायनर
personnel,कर्मचारी
shape,आकार
educator,शिक्षक
relative,नातेवाईक
immigration,इमिग्रेशन
belt,पट्टा
teaspoon,चमचे
birthday,वाढदिवस
implication,तात्पर्य
perfectly,उत्तम प्रकारे
coast,किनारा
supporter,समर्थक
accompany,सोबत
silver,चांदी
teenager,किशोर
recognition,ओळख
retirement,सेवानिवृत्ती
flag,झेंडा
recovery,पुनर्प्राप्ती
whisper,कुजबुजणे
watch,घड्याळ
gentleman,सज्जन
corn,कॉर्न
moon,चंद्र
inner,आतील
junior,कनिष्ठ
rather,त्याऐवजी
throat,घसा
salary,पगार
swing,स्विंग
observer,निरीक्षक
due,देय
straight,सरळ
publication,प्रकाशन
pretty,सुंदर
crop,पीक
dig,खोदणे
strike,संप
permanent,कायम
plant,वनस्पती
phenomenon,घटना
anxiety,चिंता
unlike,विपरीत
wet,ओले
literally,अक्षरशः
resist,प्रतिकार करणे
convention,अधिवेशन
embrace,आलिंगन
supply,पुरवठा
assist,मदत
exhibition,प्रदर्शन
construct,बांधणे
viewer,दर्शक
pan,पॅन
consultant,सल्लागार
soon,लवकरच
line,ओळ
administrator,प्रशासक
date,तारीख
occasionally,अधूनमधून
mayor,महापौर
consideration,विचार
CEO,सीईओ
secure,सुरक्षित
pink,गुलाबी
smoke,धूर
estimate,अंदाज
buck,बोकड
historic,ऐतिहासिक
poem,कविता
grandmother,आजी
bind,बांधणे
fifth,पाचवा
constantly,सतत
enterprise,उपक्रम
favor,अनुकूलता
testing,चाचणी
stomach,पोट
apparent,उघड
weigh,वजन
install,स्थापित करा
sensitive,संवेदनशील
suggestion,सूचना
mail,मेल
recipe,कृती
reasonable,वाजवी
preparation,तयारी
wooden,लाकडी
elementary,प्राथमिक
concert,मैफिल
aggressive,आक्रमक
FALSE,असत्य
intention,हेतू
channel,चॅनल
extreme,अत्यंत
tube,ट्यूब
drawing,रेखाचित्र
protein,प्रथिने
quit,सोडणे
absence,अनुपस्थिती
roll,रोल
Latin,लॅटिन
rapidly,वेगाने
jail,तुरुंग
comment,टिप्पणी
diversity,विविधता
honest,प्रामाणिक
Palestinian,पॅलेस्टिनी
pace,गती
employment,रोजगार
speaker,स्पीकर
impression,छाप
essay,निबंध
respondent,प्रतिसादक
giant,राक्षस
cake,केक
historian,इतिहासकार
negotiate,वाटाघाटी
restore,पुनर्संचयित करा
substantial,लक्षणीय
pop,पॉप
particular,विशिष्ट
specialist,विशेषज्ञ
origin,मूळ
approval,मान्यता
mine,माझे
quietly,शांतपणे
advise,सल्ला
conventional,पारंपारिक
drop,थेंब
count,मोजणे
depth,खोली
wealth,संपत्ती
disability,दिव्यांग
shell,शेल
general,सामान्य
criticize,टीका करणे
fast,जलद
professional,व्यावसायिक
effectively,प्रभावीपणे
biological,जैविक
pack,पॅक
onion,कांदा
deputy,उप
flat,फ्लॅट
brand,ब्रँड
assure,खात्री देणे
mad,वेडा
award,पुरस्कार
criteria,निकष
dealer,विक्रेता
via,द्वारे
alternative,पर्यायी
utility,उपयुक्तता
precisely,तंतोतंत
arise,उद्भवू
armed,सशस्त्र
nevertheless,तरीही
highway,महामार्ग
clinical,क्लिनिकल
routine,दिनचर्या
schedule,वेळापत्रक
wage,वेतन
normally,साधारणपणे
phrase,वाक्यांश
ingredient,घटक
stake,भागभांडवल
Muslim,मुसलमान
dream,स्वप्न
fiber,फायबर
activist,कार्यकर्ता
Islamic,इस्लामिक
snap,स्नॅप
terrorism,दहशतवाद
refugee,निर्वासित
incorporate,समाविष्ट करणे
hip,नितंब
ultimate,अंतिम
switch,स्विच
corporation,महामंडळ
valuable,मौल्यवान
assumption,गृहीतक
gear,गियर
graduate,पदवीधर
barrier,अडथळा
minor,किरकोळ
provision,तरतूद
killer,किलर
assign,नियुक्त करणे
gang,टोळी
developing,विकसनशील
classic,क्लासिक
chemical,रासायनिक
wave,लाट
label,लेबल
teen,किशोर
index,निर्देशांक
vacation,सुट्टी
advocate,वकील
draft,मसुदा
extraordinary,विलक्षण
heaven,स्वर्ग
rough,उग्र
yell,ओरडणे
pregnant,गर्भवती
distant,दूर
drama,नाटक
satellite,उपग्रह
personally,वैयक्तिकरित्या
wonder,आश्चर्य
clock,घड्याळ
chocolate,चॉकलेट
Italian,इटालियन
Canadian,कॅनेडियन
ceiling,कमाल मर्यादा
sweep,झाडून
advertising,जाहिरात
universal,सार्वत्रिक
spin,फिरकी
house,घर
button,बटण
bell,घंटा
rank,रँक
darkness,अंधार
ahead,पुढे
clothing,कपडे
super,उत्कृष्ट
yield,उत्पन्न
fence,कुंपण
portrait,पोर्ट्रेट
paint,रंग
survival,जगणे
roughly,अंदाजे
lawsuit,खटला
bottom,तळाशी
testimony,साक्ष
bunch,घड
beat,मारणे
wind,वारा
found,आढळले
burden,ओझे
react,प्रतिक्रिया
chamber,चेंबर
furniture,फर्निचर
cooperation,सहकार्य
string,स्ट्रिंग
ceremony,समारंभ
communicate,संवाद साधणे
taste,चव
cheek,गाल
lost,हरवले
profile,प्रोफाइल
mechanism,यंत्रणा
disagree,असहमत
like,जसे
penalty,दंड
match,जुळणे
ie,म्हणजे
advance,प्रगती
resort,रिसॉर्ट
destruction,नाश
bear,अस्वल
unlikely,संभव नाही
tissue,मेदयुक्त
constitutional,घटनात्मक
pant,पँट
stranger,अनोळखी
infection,संसर्ग
cabinet,कपाट
broken,तुटलेली
apple,सफरचंद
electric,विद्युत
proceed,पुढे जा
track,ट्रॅक
bet,पैज
literary,साहित्य
virus,विषाणू
stupid,मूर्ख
dispute,वाद
fortune,दैव
strategic,धोरणात्मक
assistant,सहाय्यक
overcome,मात
remarkable,उल्लेखनीय
occupy,व्यापू
statistics,आकडेवारी
shopping,खरेदी
cousin,चुलत भाऊ अथवा बहीण
encounter,भेटणे
wipe,पुसणे
initially,सुरुवातीला
blind,आंधळा
white,पांढरा
port,बंदर
honor,सन्मान
electricity,वीज
genetic,अनुवांशिक
adviser,सल्लागार
pay,पैसे द्या
spokesman,प्रवक्ता
retain,राखून ठेवणे
latter,नंतरचे
incentive,प्रोत्साहन
slave,गुलाम
chemical,रासायनिक
translate,भाषांतर करा
accurate,अचूक
whereas,तर
terror,दहशत
though,तरी
expansion,विस्तार
elite,अभिजन
Olympic,ऑलिंपिक
dirt,घाण
odd,विषम
rice,तांदूळ
bullet,बंदूकीची गोळी
tight,घट्ट
Bible,बायबल
chart,तक्ता
solar,सौर
decline,घट
conservative,पुराणमतवादी
process,प्रक्रिया
square,चौरस
stick,काठी
concentration,एकाग्रता
complicated,क्लिष्ट
gently,हळूवारपणे
champion,चॅम्पियन
scenario,परिस्थिती
telescope,दुर्बिणी
reflection,प्रतिबिंब
revolution,क्रांती
strip,पट्टी
interpret,अर्थ लावणे
friendly,मैत्रीपूर्ण
tournament,स्पर्धा
fiction,काल्पनिक कथा
detect,शोधणे
balance,शिल्लक
likely,शक्यता
tremendous,जबरदस्त
lifetime,आयुष्यभर
recommendation,शिफारस
flow,प्रवाह
senator,सिनेटचा सदस्य
market,बाजार
hunting,शिकार
salad,कोशिंबीर
guarantee,हमी
innocent,निर्दोष
boundary,सीमा
pause,विराम द्या
remote,दूरस्थ
satisfaction,समाधान
journal,जर्नल
bench,खंडपीठ
lover,प्रियकर
raw,कच्चा
awareness,जागरूकता
surprising,आश्चर्यकारक
withdraw,मागे घेणे
general,सामान्य
deck,डेक
similarly,त्याचप्रमाणे
newly,नवीन
pole,खांब
testify,साक्ष देणे
mode,मोड
dialogue,संवाद
imply,सुचवणे
naturally,नैसर्गिकरित्या
mutual,परस्पर
founder,संस्थापक
top,शीर्ष
advanced,प्रगत
pride,अभिमान
dismiss,काढून टाकणे
aircraft,विमान
delivery,वितरण
mainly,प्रामुख्याने
bake,बेक करावे
freeze,फ्रीझ
platform,प्लॅटफॉर्म
finance,वित्त
sink,बुडणे
attractive,आकर्षक
respect,आदर
diverse,वैविध्यपूर्ण
relevant,संबंधित
ideal,आदर्श
joy,आनंद
worth,किमतीची
regularly,नियमितपणे
working,कार्यरत
singer,गायक
evolve,विकसित
shooting,शूटिंग
partly,अंशतः
unknown,अज्ञात
assistant,सहाय्यक
offense,गुन्हा
counter,काउंटर
DNA,डीएनए
smell,वास
potentially,संभाव्य
transfer,हस्तांतरण
thirty,तीस
justify,समर्थन करणे
protest,निषेध
crash,आपटी
craft,हस्तकला
treaty,करार
terrorist,दहशतवादी
insight,अंतर्दृष्टी
possess,ताब्यात घेणे
politically,राजकीयदृष्ट्या
tap,टॅप
lie,खोटे बोलणे
extensive,विस्तृत
episode,भाग
double,दुप्पट
swim,पोहणे
tire,टायर
fault,दोष
loose,सैल
free,फुकट
shortly,लवकरच
originally,मूलतः
considerable,लक्षणीय
prior,आधी
intellectual,बौद्धिक
mix,मिसळा
assault,हल्ला
relax,आराम
stair,जिना
adventure,साहस
external,बाह्य
proof,पुरावा
confident,आत्मविश्वास
headquarters,मुख्यालय
sudden,अचानक
dirty,गलिच्छ
violation,उल्लंघन
tongue,जीभ
license,परवाना
hold,धरा
shelter,निवारा
rub,घासणे
controversy,वाद
entrance,प्रवेशद्वार
favorite,आवडते
practice,सराव
properly,योग्यरित्या
fade,कोमेजणे
defensive,बचावात्मक
tragedy,शोकांतिका
net,निव्वळ
characterize,वैशिष्ट्यीकृत
funeral,अंत्यसंस्कार
profession,व्यवसाय
alter,बदल
spot,स्पॉट
constitute,तयार करणे
establishment,स्थापना
squeeze,पिळणे
imagination,कल्पना
target,लक्ष्य
mask,मुखवटा
convert,रूपांतरित करा
comprehensive,सर्वसमावेशक
prominent,प्रमुख
presentation,सादरीकरण
regardless,पर्वा न करता
easy,सोपे
load,भार
stable,स्थिर
introduction,परिचय
appeal,आवाहन
pretend,ढोंग करणे
not,नाही
elderly,वृद्ध
representation,प्रतिनिधित्व
deer,हरीण
split,विभाजन
violate,उल्लंघन करणे
partnership,भागीदारी
pollution,प्रदूषण
emission,उत्सर्जन
steady,स्थिर
vital,महत्वाचा
neither,एकही नाही
fate,नशीब
earnings,कमाई
oven,ओव्हन
distinction,भेद
segment,विभाग
nowhere,कुठेही नाही
poet,कवी
mere,फक्त
exciting,रोमांचक
variation,भिन्नता
comfort,आराम
radical,संपूर्ण
stress,ताण
adapt,जुळवून घेणे
Irish,आयरिश
honey,मध
correspondent,वार्ताहर
pale,फिकट गुलाबी
musician,संगीतकार
significance,महत्त्व
load,भार
round,गोल
vessel,भांडे
storage,स्टोरेज
flee,पळून जाणे
mm-hmm,मिमी-हम्म
leather,चामडे
distribute,वितरित करा
evolution,उत्क्रांती
ill,आजारी
tribe,टोळी
shelf,शेल्फ
can,करू शकता
grandfather,आजोबा
lawn,लॉन
buyer,खरेदीदार
dining,जेवणाचे
wisdom,शहाणपण
council,परिषद
vulnerable,असुरक्षित
instance,उदाहरण
garlic,लसूण
capability,क्षमता
poetry,कविता
celebrity,सेलिब्रिटी
gradually,हळूहळू
stability,स्थिरता
doubt,शंका
fantasy,कल्पनारम्य
scared,घाबरलेला
guide,मार्गदर्शन
plot,प्लॉट
framework,फ्रेमवर्क
gesture,हावभाव
depending,अवलंबून
ongoing,चालू
psychology,मानसशास्त्र
since,पासून
counselor,सल्लागार
witness,साक्षीदार
chapter,धडा
fellow,सहकारी
divorce,घटस्फोट
owe,देणे
pipe,पाईप
athletic,ऍथलेटिक
slight,थोडे
math,गणित
shade,सावली
tail,शेपूट
sustain,टिकवणे
mount,माउंट
obligation,बंधन
angle,कोन
palm,पाम
differ,भिन्न
custom,सानुकूल
store,स्टोअर
economist,अर्थशास्त्रज्ञ
fifteen,पंधरा
soup,सूप
celebration,उत्सव
efficient,कार्यक्षम
damage,नुकसान
composition,रचना
satisfy,संतुष्ट करणे
pile,ढीग
briefly,थोडक्यात
carbon,कार्बन
closer,जवळ
consume,सेवन
scheme,योजना
crack,क्रॅक
frequency,वारंवारता
tobacco,तंबाखू
survivor,वाचलेला
besides,याशिवाय
in,मध्ये
psychologist,मानसशास्त्रज्ञ
wealthy,श्रीमंत
galaxy,आकाशगंगा
given,दिले
fund,निधी
ski,स्की
limitation,मर्यादा
OK,ठीक आहे
trace,ट्रेस
appointment,भेट
preference,प्राधान्य
meter,मीटर
explosion,स्फोट
arrest,अटक
publicly,सार्वजनिकपणे
incredible,अविश्वसनीय
fighter,लढाऊ
rapid,जलद
admission,प्रवेश
hunter,शिकारी
educate,शिकवणे
painful,वेदनादायक
friendship,मैत्री
aide,सहाय्यक
infant,अर्भक
calculate,गणना करा
fifty,पन्नास
rid,सुटका
porch,पोर्च
tendency,प्रवृत्ती
uniform,एकसमान
formation,निर्मिती
scholarship,शिष्यवृत्ती
reservation,आरक्षण
efficiency,कार्यक्षमता
waste,कचरा
qualify,पात्र
mall,मॉल
derive,मिळवणे
scandal,घोटाळा
PC,पीसी
helpful,उपयुक्त
impress,प्रभावित करणे
heel,टाच
resemble,सारखे असणे
privacy,गोपनीयता
fabric,फॅब्रिक
surprise,आश्चर्य
contest,स्पर्धा
proportion,प्रमाण
guideline,मार्गदर्शक सूचना
rifle,रायफल
maintenance,देखभाल
conviction,खात्री
trick,युक्ती
organic,सेंद्रिय
tent,तंबू
examination,परीक्षा
publisher,प्रकाशक
strengthen,मजबूत करणे
French,फ्रेंच
proposed,प्रस्तावित
myth,मिथक
sophisticated,अत्याधुनिक
cow,गाय
etc,इ
standing,उभे
asleep,झोपलेला
tennis,टेनिस
nerve,मज्जातंतू
barrel,बंदुकीची नळी
bombing,बॉम्बस्फोट
membership,सदस्यत्व
ratio,प्रमाण
menu,मेनू
purchase,खरेदी
controversial,वादग्रस्त
desperate,हताश
rate,दर
lifestyle,जीवनशैली
humor,विनोद
loud,जोरात
glove,हातमोजा
suspect,संशयित
sufficient,पुरेसे
narrative,कथा
photographer,छायाचित्रकार
helicopter,हेलिकॉप्टर
Catholic,कॅथोलिक
modest,विनम्र
provider,प्रदाता
delay,विलंब
agricultural,कृषी
explode,एकदम बाहेर पडणे
stroke,स्ट्रोक
scope,व्याप्ती
punishment,शिक्षा
handful,मूठभर
badly,वाईटरित्या
horizon,क्षितीज
curious,उत्सुक
downtown,डाउनटाउन
girlfriend,मैत्रीण
prompt,प्रॉम्प्ट
request,विनंती
cholesterol,कोलेस्टेरॉल
absorb,शोषून घेणे
adjustment,समायोजन
taxpayer,करदाता
eager,उत्सुक
principal,प्राचार्य
detailed,तपशीलवार
motivation,प्रेरणा
assignment,असाइनमेंट
restriction,निर्बंध
across,ओलांडून
Palestinian,पॅलेस्टिनी
laboratory,प्रयोगशाळा
workshop,कार्यशाळा
differently,वेगळ्या पद्धतीने
auto,ऑटो
romantic,रोमँटिक
cotton,कापूस
motor,मोटर
sue,खटला
flavor,चव
overlook,दुर्लक्ष करणे
float,फ्लोट
undergo,सहन करणे
sequence,क्रम
demonstration,प्रात्यक्षिक
jet,जेट
orange,संत्रा
consumption,वापर
assert,ठामपणे
blade,ब्लेड
temporary,तात्पुरता
medication,औषधोपचार
print,छापणे
cabin,केबिन
bite,चावणे
relative,नातेवाईक
edition,आवृत्ती
valley,दरी
yours,तुमचे
pitch,खेळपट्टी
pine,झुरणे
brilliant,तल्लख
versus,विरुद्ध
manufacturing,उत्पादन
risk,धोका
Christian,ख्रिश्चन
complex,जटिल
absolute,निरपेक्ष
chef,आचारी
discrimination,भेदभाव
offensive,आक्षेपार्ह
German,जर्मन
suit,सूट
boom,बूम
register,नोंदणी करा
appoint,नियुक्त करा
heritage,वारसा
God,देव
terrorist,दहशतवादी
dominant,प्रबळ
successfully,यशस्वीरित्या
shit,बकवास
lemon,लिंबू
hungry,भुकेले
sense,अर्थ
dry,कोरडे
wander,भटकणे
submit,प्रस्तुत करणे
economics,अर्थशास्त्र
naked,नग्न
anticipate,अंदाज
nut,नट
legacy,वारसा
extension,विस्तार
shrug,खांदे उडवणे
fly,उडणे
battery,बॅटरी
arrival,आगमन
legitimate,कायदेशीर
orientation,अभिमुखता
inflation,महागाई
cope,सामना
flame,ज्योत
cluster,क्लस्टर
host,यजमान
wound,जखम
dependent,अवलंबून
shower,शॉवर
institutional,संस्थात्मक
depict,चित्रण
operating,कार्यरत
flesh,मांस
garage,गॅरेज
operator,ऑपरेटर
instructor,प्रशिक्षक
collapse,कोसळणे
borrow,कर्ज घेणे
furthermore,शिवाय
comedy,विनोदी
mortgage,गहाण
sanction,मंजुरी
civilian,नागरी
twelve,बारा
weekly,साप्ताहिक
habitat,निवासस्थान
grain,धान्य
brush,ब्रश
consciousness,शुद्धी
devote,समर्पित
crack,क्रॅक
measurement,मोजमाप
province,प्रांत
ease,सहजता
seize,जप्त
ethics,नैतिकता
nomination,नामांकन
permission,परवानगी
wise,ज्ञानी
actress,अभिनेत्री
summit,शिखर
acid,आम्ल
odds,शक्यता
gifted,भेटवस्तू
frustration,निराशा
medium,मध्यम
function,कार्य
physically,शारीरिकदृष्ट्या
grant,अनुदान
distinguish,वेगळे करणे
shore,किनारा
repeatedly,वारंवार
lung,फुफ्फुस
firm,टणक
running,धावणे
correct,योग्य
distinct,वेगळे
artistic,कलात्मक
discourse,प्रवचन
basket,टोपली
ah,आह
fighting,लढाई
impressive,प्रभावशाली
competitor,स्पर्धक
ugly,कुरुप
worried,काळजीत
portray,चित्रण
powder,पावडर
ghost,भूत
persuade,मन वळवणे
moderate,मध्यम
subsequent,त्यानंतरचे
continued,चालू ठेवले
cookie,कुकी
carrier,वाहक
cooking,स्वयंपाक
frequent,वारंवार
ban,बंदी
swing,स्विंग
orange,संत्रा
awful,भयानक
admire,प्रशंसा
pet,पाळीव प्राणी
miracle,चमत्कार
exceed,जास्त
rhythm,ताल
widespread,व्यापक
killing,हत्या
lovely,सुंदर
sin,पाप
charity,धर्मादाय
script,स्क्रिप्ट
tactic,युक्ती
identification,ओळख
transformation,परिवर्तन
everyday,रोज
headline,मथळा
crash,आपटी
venture,उपक्रम
invasion,आक्रमण
military,लष्करी
nonetheless,तरीही
adequate,पुरेसे
piano,पियानो
grocery,किराणा
intensity,तीव्रता
exhibit,प्रदर्शन
high,उच्च
blanket,घोंगडी
margin,समास
principal,प्राचार्य
quarterback,क्वार्टरबॅक
mouse,उंदीर
rope,दोरी
concrete,ठोस
prescription,प्रिस्क्रिप्शन
African-American,आफ्रिकन-अमेरिकन
chase,पाठलाग
document,दस्तऐवज
brick,वीट
recruit,भरती
patch,पॅच
consensus,एकमत
horror,भयपट
recording,मुद्रित करणे
changing,बदलत आहे
painter,चित्रकार
colonial,वसाहती
pie,पाई
sake,कारण
gaze,टक लावून पाहणे
courage,धैर्य
pregnancy,गर्भधारणा
swear,शपथ
defeat,पराभव
clue,सुगावा
reinforce,मजबुतीकरण
win,जिंकणे
confusion,गोंधळ
slice,तुकडा
occupation,व्यवसाय
dear,प्रिय
coal,कोळसा
sacred,पवित्र
criminal,गुन्हेगार
formula,सुत्र
cognitive,संज्ञानात्मक
collective,सामूहिक
exact,अचूक
uncle,काका
square,चौरस
captain,कर्णधार
sigh,उसासा
attribute,विशेषता
dare,धाडस
okay,ठीक आहे
homeless,बेघर
cool,थंड
gallery,गॅलरी
soccer,सॉकर
defendant,प्रतिवादी
tunnel,बोगदा
fitness,फिटनेस
lap,लॅप
grave,कबर
toe,पायाचे बोट
container,कंटेनर
virtue,पुण्य
abroad,परदेशात
architect,वास्तुविशारद
dramatically,नाटकीय
makeup,मेकअप
inquiry,चौकशी
rose,गुलाब
surprisingly,आश्चर्याची गोष्ट
highlight,हायलाइट
decrease,कमी
indication,संकेत
rail,रेल्वे
anniversary,वर्धापनदिन
couch,पलंग
alliance,युती
hypothesis,गृहीतक
boyfriend,प्रियकर
compose,तयार करा
peer,समवयस्क
mess,गोंधळ
rank,रँक
legend,आख्यायिका
regulate,नियमन करणे
adolescent,पौगंडावस्थेतील
shine,चमकणे
norm,नियम
upset,नाराज
remark,टिप्पणी
resign,राजीनामा
reward,प्रतिफळ भरून पावले
gentle,सौम्य
related,संबंधित
organ,अवयव
lightly,हलके
concerning,संबंधित
invent,शोध लावणे
laughter,हशा
fit,फिट
northwest,उत्तर पश्चिम
counseling,समुपदेशन
tight,घट्ट
receiver,प्राप्तकर्ता
ritual,विधी
insect,कीटक
interrupt,व्यत्यय
salmon,सॅल्मन
favor,अनुकूलता
trading,व्यापार
concern,चिंता
magic,जादू
superior,श्रेष्ठ
combat,लढाई
stem,खोड
surgeon,सर्जन
acceptable,स्वीकार्य
physics,भौतिकशास्त्र
rape,बलात्कार
counsel,सल्ला
brush,ब्रश
jeans,जीन्स
hunt,शिकार
continuous,सतत
log,लॉग
echo,प्रतिध्वनी
pill,गोळी
excited,उत्साहित
sculpture,शिल्प
compound,कंपाऊंड
integrate,समाकलित करा
flour,पीठ
bitter,कडू
bare,उघडे
slope,उतार
rent,भाडे
presidency,अध्यक्षपद
serving,सेवा देत आहे
subtle,सूक्ष्म
greatly,मोठ्या प्रमाणावर
bishop,बिशप
drinking,मद्यपान
delay,विलंब
cry,रडणे
acceptance,स्वीकृती
collapse,कोसळणे
shop,दुकान
pump,पंप
candy,कँडी
evil,वाईट
final,अंतिम
finance,वित्त
pleased,आनंद
medal,पदक
beg,भीक मागणे
sponsor,प्रायोजक
ethical,नैतिक
secondary,दुय्यम
slam,स्लॅम
export,निर्यात
experimental,प्रायोगिक
melt,वितळणे
midnight,मध्यरात्री
net,निव्वळ
curve,वक्र
integrity,अखंडता
entitle,हक्क
evident,स्पष्ट
logic,तर्कशास्त्र
essence,सार
park,पार्क
exclude,वगळा
harsh,कठोर
closet,कपाट
suburban,उपनगरी
greet,अभिवादन
favor,अनुकूलता
interior,आतील
corridor,कॉरिडॉर
murder,खून
retail,किरकोळ
pitcher,पिचर
march,मार्च
snake,साप
pitch,खेळपट्टी
excuse,माफ करा
cross,फुली
weakness,अशक्तपणा
pig,डुक्कर
cold,थंड
classical,शास्त्रीय
estimated,अंदाज
T-shirt,टी-शर्ट
online,ऑनलाइन
unemployment,बेरोजगारी
civilization,सभ्यता
fold,पट
patient,रुग्ण
pop,पॉप
daily,दररोज
reverse,उलट
missing,गहाळ
correlation,सहसंबंध
humanity,मानवता
flash,फ्लॅश
developer,विकसक
reliable,विश्वसनीय
excitement,उत्साह
beef,गोमांस
Islam,इस्लाम
Roman,रोमन
stretch,ताणून लांब करणे
architecture,आर्किटेक्चर
occasional,अधूनमधून
administrative,प्रशासकीय
elbow,कोपर
deadly,प्राणघातक
Muslim,मुसलमान
Hispanic,हिस्पॅनिक
allegation,आरोप
tip,टीप
confuse,गोंधळात टाकणे
airplane,विमान
monthly,मासिक
duck,बदक
dose,डोस
Korean,कोरियन
plead,विनवणी
initiate,आरंभ करणे
lecture,व्याख्यान
van,व्हॅन
sixth,सहावा
bay,खाडी
mainstream,मुख्य प्रवाहात
suburb,उपनगर
sandwich,सँडविच
unlike,विपरीत
trunk,खोड
rumor,अफवा
implementation,अंमलबजावणी
swallow,गिळणे
motivate,प्रेरित करणे
render,प्रस्तुत करणे
longtime,दीर्घकाळ
trap,सापळा
restrict,प्रतिबंधित
cloth,कापड
seemingly,वरवर
legislative,विधान
effectiveness,परिणामकारकता
enforce,अंमलबजावणी करणे
lens,लेन्स
reach,पोहोचणे
inspector,निरीक्षक
lend,कर्ज देणे
plain,साधा
fraud,फसवणूक
companion,सहचर
contend,भांडणे
nail,नखे
array,रचना
strict,कडक
assemble,एकत्र करणे
frankly,मोकळेपणाने
rat,उंदीर
burst,फुटणे
hallway,हॉलवे
cave,गुहा
inevitable,अपरिहार्य
southwest,नैऋत्य
monster,राक्षस
speed,गती
protest,निषेध
unexpected,अनपेक्षित
obstacle,अडथळा
facilitate,सोय करणे
encounter,भेटणे
rip,फाडणे
herb,औषधी वनस्पती
overwhelming,जबरदस्त
integration,एकत्रीकरण
crystal,क्रिस्टल
recession,मंदी
wish,इच्छा
top,शीर्ष
written,लिहिलेले
motive,हेतू
label,लेबल
flood,पूर
pen,पेन
ownership,मालकी
nightmare,दुःस्वप्न
notice,सूचना
inspection,तपासणी
supervisor,पर्यवेक्षक
consult,सल्ला
arena,रिंगण
laugh,हसणे
diagnosis,निदान
possession,ताबा
forgive,क्षमा करा
warm,उबदार
consistently,सातत्याने
basement,तळघर
project,प्रकल्प
drift,वाहून जाणे
drain,निचरा
last,शेवटचे
prosecution,खटला
maximum,जास्तीत जास्त
announcement,घोषणा
warrior,योद्धा
prediction,अंदाज
bacteria,जिवाणू
questionnaire,प्रश्नावली
mud,चिखल
infrastructure,पायाभूत सुविधा
hurry,घाई
privilege,विशेषाधिकार
temple,मंदिर
medium,मध्यम
outdoor,घराबाहेर
suck,चोखणे
and/or,आणि/किंवा
broadcast,प्रसारण
re,पुन्हा
leap,झेप
random,यादृच्छिक
past,भूतकाळ
wrist,मनगट
curtain,पडदा
monitor,मॉनिटर
pond,तलाव
domain,डोमेन
guilt,अपराध
cattle,गाई - गुरे
subject,विषय
walking,चालणे
playoff,प्लेऑफ
minimum,किमान
fiscal,आर्थिक
skirt,परकर
dump,डंप
hence,म्हणून
database,डेटाबेस
uncomfortable,अस्वस्थ
aim,लक्ष्य
execute,अंमलात आणणे
limb,अंग
ideology,विचारधारा
average,सरासरी
welcome,स्वागत
tune,ट्यून
continuing,चालू आहे
harm,हानी
railroad,रेल्वेमार्ग
endure,सहन
radiation,रेडिएशन
horn,हॉर्न
chronic,जुनाट
peaceful,शांततापूर्ण
innovation,नवीनता
strain,मानसिक ताण
guitar,गिटार
replacement,बदली
behave,वागणे
administer,प्रशासन
simultaneously,एकाच वेळी
dancer,नर्तक
amendment,दुरुस्ती
guard,रक्षक
pad,पॅड
transmission,संसर्ग
await,प्रतीक्षा करा
retired,सेवानिवृत्त
trigger,ट्रिगर
spill,गळती
grateful,कृतज्ञ
grace,कृपा
virtual,आभासी
response,प्रतिसाद
colony,वसाहत
adoption,दत्तक
slide,स्लाइड
indigenous,स्वदेशी
closed,बंद
convict,दोषी
civilian,नागरी
towel,टॉवेल
modify,सुधारित करा
particle,कण
award,पुरस्कार
glance,दृष्टीक्षेप
prize,बक्षीस
landing,लँडिंग
conduct,आचरण
blue,निळा
boost,चालना
bat,वटवाघूळ
alarm,गजर
festival,उत्सव
grip,पकड
weird,विचित्र
undermine,कमी करणे
freshman,नवीन
sweat,घाम
outer,बाह्य
European,युरोपियन
drunk,नशेत
survey,सर्वेक्षण
research,संशोधन
separation,वेगळे करणे
traditionally,परंपरेने
stuff,सामान
govern,शासन करणे
southeast,आग्नेय
intelligent,हुशार
wherever,कुठेही
ballot,मतपत्रिका
rhetoric,वक्तृत्व
convinced,खात्री पटली
driving,ड्रायव्हिंग
vitamin,जीवनसत्व
enthusiasm,उत्साह
accommodate,सामावून घेणे
praise,स्तुती
injure,इजा करणे
wilderness,वाळवंट
nearby,जवळपास
endless,अंतहीन
mandate,आदेश
pause,विराम द्या
excuse,माफ करा
respectively,अनुक्रमे
uncertainty,अनिश्चितता
chaos,गोंधळ
short,लहान
mechanical,यांत्रिक
canvas,कॅनव्हास
forty,चाळीस
matter,बाब
lobby,लॉबी
profound,गहन
format,स्वरूप
trait,वैशिष्ट्य
currency,चलन
turkey,टर्की
reserve,राखीव
beam,तुळई
abuse,गैरवर्तन
astronomer,खगोलशास्त्रज्ञ
corruption,भ्रष्टाचार
contractor,कंत्राटदार
apologize,माफी मागणे
doctrine,शिकवण तत्वप्रणाली
genuine,खरा
thumb,अंगठा
unity,ऐक्य
compromise,तडजोड
horrible,भयानक
behavioral,वर्तणूक
exclusive,अनन्य
scatter,विखुरणे
commonly,सामान्यतः
convey,पोहोचवणे
rush,गर्दी
twist,पिळणे
complexity,गुंतागुंत
fork,काटा
disk,डिस्क
relieve,आराम
suspicion,संशय
lock,कुलूप
finish,समाप्त
residence,निवासस्थान
shame,लाज
meaningful,अर्थपूर्ण
sidewalk,फुटपाथ
Olympics,ऑलिंपिक
technological,तांत्रिक
signature,स्वाक्षरी
pleasant,आनंददायी
wow,व्वा
suspend,निलंबित
rebel,बंडखोर
frozen,गोठलेले
desire,इच्छा
spouse,जोडीदार
fluid,द्रवपदार्थ
pension,पेन्शन
resume,पुन्हा सुरू करा
theoretical,सैद्धांतिक
sodium,सोडियम
blow,फुंकणे
promotion,जाहिरात
delicate,नाजूक
forehead,कपाळ
rebuild,पुन्हा बांधणे
bounce,उसळी
electrical,विद्युत
hook,हुक
detective,गुप्तहेर
traveler,प्रवासी
click,क्लिक करा
compensation,भरपाई
signal,सिग्नल
exit,बाहेर पडा
attraction,आकर्षण
dedicate,समर्पित
altogether,संपूर्णपणे
pickup,पिकअप
carve,कोरणे
needle,सुई
belly,पोट
ship,जहाज
scare,घाबरवणे
portfolio,पोर्टफोलिओ
shuttle,शटल
invisible,अदृश्य
timing,वेळ
engagement,प्रतिबद्धता
ankle,घोटा
transaction,व्यवहार
rescue,बचाव
counterpart,समकक्ष
historically,ऐतिहासिकदृष्ट्या
firmly,घट्टपणे
mild,सौम्य
rider,स्वार
doll,बाहुली
noon,दुपार
exhibit,प्रदर्शन
amid,दरम्यान
identical,एकसारखे
precise,अचूक
anxious,चिंताग्रस्त
structural,संरचनात्मक
residential,निवासी
loud,जोरात
diagnose,निदान
carbohydrate,कार्बोहायड्रेट
liberty,स्वातंत्र्य
poster,पोस्टर
theology,धर्मशास्त्र
nonprofit,ना नफा
crawl,क्रॉल
oxygen,ऑक्सिजन
handsome,देखणा
magic,जादू
sum,बेरीज
provided,प्रदान केले
businessman,व्यापारी
promising,आशादायक
conscious,जाणीव
determination,निर्धार
donor,दाता
hers,तिचा
pastor,पाद्री
jazz,जाझ
opera,ऑपेरा
Japanese,जपानी
bite,चावणे
frame,फ्रेम
evil,वाईट
acquisition,संपादन
pit,खड्डा
hug,मिठी
wildlife,वन्यजीव
punish,शिक्षा
giant,राक्षस
primary,प्राथमिक
equity,इक्विटी
wrong,चुकीचे
doorway,दरवाजा
departure,निर्गमन
elevator,लिफ्ट
teenage,किशोरवयीन
guidance,मार्गदर्शन
happiness,आनंद
statue,पुतळा
pursuit,उद्योगधंदा
repair,दुरुस्ती
decent,सभ्य
gym,व्यायामशाळा
oral,तोंडी
clerk,कारकून
Israeli,इस्रायली
envelope,लिफाफा
reporting,अहवाल देणे
destination,गंतव्यस्थान
fist,मुठी
endorse,समर्थन
exploration,अन्वेषण
generous,उदार
bath,आंघोळ
rescue,बचाव
thereby,त्याद्वारे
overall,एकूणच
indicator,सूचक
sunlight,सूर्यप्रकाश
feedback,अभिप्राय
spectrum,स्पेक्ट्रम
purple,जांभळा
laser,लेसर
bold,धीट
reluctant,अनिच्छुक
starting,सुरू
expertise,कौशल्य
practically,व्यावहारिकदृष्ट्या
program,कार्यक्रम
picture,चित्र
tune,ट्यून
eating,खाणे
age,वय
volunteer,स्वयंसेवक
hint,इशारा
sharply,तीव्रपणे
parade,परेड
advocate,वकील
realm,क्षेत्र
ban,बंदी
strip,पट्टी
cancel,रद्द करा
blend,मिश्रण
therapist,थेरपिस्ट
slice,तुकडा
peel,सोलणे
pizza,पिझ्झा
recipient,प्राप्तकर्ता
hesitate,संकोच
flip,फ्लिप
accounting,लेखा
debate,वादविवाद
bias,पक्षपात
huh,हं
metaphor,रूपक
candle,मेणबत्ती
handle,हाताळणे
worry,काळजी
judicial,न्यायिक
entity,अस्तित्व
suffering,त्रास
full-time,पूर्ण वेळ
feel,वाटते
lamp,दिवा
garbage,कचरा
servant,नोकर
addition,या व्यतिरिक्त
regulatory,नियामक
diplomatic,मुत्सद्दी
elegant,मोहक
inside,आत
reception,रिसेप्शन
vanish,गायब होणे
automatically,आपोआप
chin,हनुवटी
trail,माग
necessity,गरज
confess,कबूल करणे
racism,वंशवाद
starter,स्टार्टर
interior,आतील
banking,बँकिंग
casual,प्रासंगिक
gravity,गुरुत्वाकर्षण
enroll,नोंदणी करा
diminish,कमी करणे
prevention,प्रतिबंध
Arab,अरब
value,मूल्य
minimize,कमी करणे
chop,तोडणे
performer,कलाकार
intent,हेतू
isolate,वेगळे करणे
pump,पंप
inventory,यादी
productive,उत्पादक
assembly,विधानसभा
civic,नागरी
silk,रेशीम
magnitude,विशालता
steep,उंच
hostage,ओलीस
collector,कलेक्टर
popularity,लोकप्रियता
kiss,चुंबन
alien,उपरा
dynamic,गतिमान
scary,भितीदायक
equation,समीकरण
angel,देवदूत
switch,स्विच
offering,अर्पण
rage,राग
photography,छायाचित्रण
repair,दुरुस्ती
toilet,शौचालय
disappointed,निराश
precious,मौल्यवान
prohibit,प्रतिबंधित करा
representative,प्रतिनिधी
content,सामग्री
realistic,वास्तववादी
Russian,रशियन
hidden,लपलेले
command,आज्ञा
tender,निविदा
wake,जागे
gathering,मेळावा
outstanding,थकबाकी
stumble,अडखळणे
lonely,एकाकी
automobile,ऑटोमोबाईल
artificial,कृत्रिम
dawn,पहाट
abstract,गोषवारा
descend,उतरणे
silly,मूर्ख
hook,हुक
tide,भरती
shared,शेअर केले
hopefully,आशेने
readily,सहजगत्या
cooperate,सहकार्य करा
revolutionary,क्रांतिकारी
romance,प्रणय
hardware,हार्डवेअर
pillow,उशी
kit,किट
cook,कूक
spread,प्रसार
continent,खंड
seal,शिक्का
circuit,सर्किट
sink,बुडणे
ruling,सत्ताधारी
shortage,कमतरता
annually,वार्षिक
lately,अलीकडे
trap,सापळा
scan,स्कॅन
fool,मूर्ख
deadline,अंतिम मुदत
rear,मागील
processing,प्रक्रिया करत आहे
ranch,कुरण
coastal,तटीय
undertake,हाती घेणे
softly,हळुवारपणे
reserve,राखीव
burning,जळत आहे
verbal,शाब्दिक
tribal,आदिवासी
ridiculous,हास्यास्पद
automatic,स्वयंचलित
diamond,हिरा
credibility,विश्वासार्हता
import,आयात
sexually,लैंगिकदृष्ट्या
spring,वसंत ऋतू
way,मार्ग
divine,दैवी
sentiment,भावना
cart,कार्ट
oversee,देखरेख
stem,खोड
elder,मोठा
pro,प्रो
inspiration,प्रेरणा
Dutch,डच
quantity,प्रमाण
trailer,झलक
mate,सोबती
o'clock,वाजले
Greek,ग्रीक
genius,अलौकिक बुद्धिमत्ता
monument,स्मारक
bid,बोली
quest,शोध
sacrifice,बलिदान
invitation,आमंत्रण
accuracy,अचूकता
juror,न्यायाधीश
officially,अधिकृतपणे
broker,दलाल
treasure,खजिना
loyalty,निष्ठा
credit,क्रेडिट
shock,धक्का
talented,प्रतिभावान
gasoline,पेट्रोल
stiff,ताठ
output,आउटपुट
nominee,नामनिर्देशित
extended,विस्तारित
please,कृपया
diabetes,मधुमेह
slap,थप्पड
toxic,विषारी
alleged,आरोप
jaw,जबडा
grief,दु:ख
mysterious,रहस्यमय
rocket,रॉकेट
donate,देणगी
inmate,कैदी
tackle,हाताळणे
dynamics,गतिशीलता
bow,धनुष्य
ours,आमचे
senior,वरिष्ठ
dignity,प्रतिष्ठा
carpet,कार्पेट
parental,पालक
bubble,बबल
heat,उष्णता
buddy,मित्र
barn,धान्याचे कोठार
sword,तलवार
flash,फ्लॅश
seventh,सातवा
glory,गौरव
tightly,घट्ट
protective,संरक्षणात्मक
tuck,टक
drum,ड्रम
faint,बेहोश
post,पोस्ट
queen,राणी
dilemma,कोंडी
input,इनपुट
specialize,विशेषज्ञ
northeast,ईशान्य
shallow,उथळ
liability,दायित्व
sail,पाल
merchant,व्यापारी
stadium,स्टेडियम
improved,सुधारित
bloody,रक्तरंजित
defeat,पराभव
associated,संबंधित
withdrawal,पैसे काढणे
refrigerator,रेफ्रिजरेटर
nest,घरटे
near,जवळ
thoroughly,पूर्णपणे
lane,लेन
ancestor,पूर्वज
condemn,निंदा
steam,वाफ
accent,उच्चारण
escape,सुटणे
optimistic,आशावादी
unite,एकत्र येणे
cage,पिंजरा
equip,सुसज्ज करणे
shrimp,कोळंबी
homeland,जन्मभुमी
exchange,देवाणघेवाण
rack,रॅक
costume,पोशाख
wolf,लांडगा
courtroom,कोर्टरूम
statute,कायदा
cartoon,व्यंगचित्र
besides,याशिवाय
productivity,उत्पादकता
grin,हसणे
symbolic,प्रतीकात्मक
seal,शिक्का
bug,किडा
bless,आशीर्वाद
aunt,काकू
agriculture,शेती
rock,खडक
hostile,विरोधी
root,मूळ
conceive,विचार
combined,एकत्रित
instantly,त्वरित
bankruptcy,दिवाळखोरी
vaccine,लस
bonus,बोनस
collaboration,सहयोग
mixed,मिश्र
opposed,विरोध केला
orbit,कक्षा
grasp,पकड
patience,संयम
spite,असूनही
tropical,उष्णकटिबंधीय
voting,मतदान
patrol,गस्त
willingness,इच्छा
position,स्थिती
revelation,प्रकटीकरण
rent,भाडे
calm,शांत
jewelry,दागिने
hay,गवत
haul,ओढणे
concede,कबूल करणे
trace,ट्रेस
wagon,वॅगन
afterward,नंतर
spectacular,नेत्रदीपक
ruin,नाश
sheer,निखळ
prior,आधी
immune,रोगप्रतिकारक
reliability,विश्वसनीयता
ass,गाढव
alongside,बाजूने
bush,झुडूप
exotic,विदेशी
fascinating,आकर्षक
secure,सुरक्षित
clip,क्लिप
thigh,मांडी
bull,बैल
drawer,ड्रॉवर
regard,आदर
sheep,मेंढ्या
discourage,परावृत्त करणे
coordinator,समन्वयक
ideological,वैचारिक
runner,धावपटू
secular,धर्मनिरपेक्ष
intimate,अंतरंग
empire,साम्राज्य
cab,टँक्सी
divorce,घटस्फोट
exam,परीक्षा
documentary,माहितीपट
neutral,तटस्थ
biology,जीवशास्त्र
flexible,लवचिक
progressive,प्रगतीशील
web,वेब
conspiracy,कट
catch,झेल
casualty,अपघात
republic,प्रजासत्ताक
execution,अंमलबजावणी
terrific,भयानक
whale,देवमासा
functional,कार्यशील
star,तारा
draft,मसुदा
instinct,अंतःप्रेरणा
teammate,सहकारी
aluminum,ॲल्युमिनियम
whoever,जो कोणी
ministry,मंत्रालय
verdict,निर्णय
instruct,सूचना
skull,कवटी
self-esteem,स्वत: ची प्रशंसा
ease,सहजता
cooperative,सहकारी
manipulate,हाताळणे
bee,मधमाशी
practitioner,व्यवसायी
loop,पळवाट
edit,सुधारणे
whip,चाबूक
puzzle,कोडे
mushroom,मशरूम
subsidy,अनुदान
boil,उकळणे
tragic,दुःखद
mathematics,गणित
mechanic,मेकॅनिक
jar,जर
respect,आदर
earthquake,भूकंप
pork,डुकराचे मांस
creativity,सर्जनशीलता
safely,सुरक्षितपणे
underlying,अंतर्निहित
dessert,मिष्टान्न
sympathy,सहानुभूती
fisherman,मच्छीमार
incredibly,विश्वास बसणार नाही इतका
isolation,अलगीकरण
sock,मोजे
near,जवळ
jump,उडी
eleven,अकरा
sexy,सेक्सी
entrepreneur,उद्योजक
syndrome,सिंड्रोम
bureau,ब्युरो
seat,आसन
workplace,कामाची जागा
ambition,महत्वाकांक्षा
touchdown,टचडाउन
utilize,वापरणे
breeze,वाऱ्याची झुळूक
costly,महाग
ambitious,महत्वाकांक्षी
Christianity,ख्रिश्चन धर्म
presumably,शक्यतो
influential,प्रभावशाली
translation,भाषांतर
uncertain,अनिश्चित
dissolve,विरघळणे
object,वस्तू
statistical,सांख्यिकीय
gut,आतडे
metropolitan,महानगर
rolling,रोलिंग
aesthetic,सौंदर्याचा
spell,शब्दलेखन
insert,घाला
booth,बूथ
helmet,शिरस्त्राण
waist,कंबर
expected,अपेक्षित
lion,सिंह
accomplishment,सिद्धी
royal,राजेशाही
panic,घबराट
cast,कास्ट
crush,क्रश
actively,सक्रियपणे
cliff,उंच कडा
minimal,किमान
cord,दोरखंड
fortunately,सुदैवाने
cocaine,कोकेन
illusion,भ्रम
anonymous,निनावी
tolerate,सहन करणे
appreciation,प्रशंसा
commissioner,आयुक्त
harm,हानी
flexibility,लवचिकता
instructional,निर्देशात्मक
scramble,भांडणे
casino,कॅसिनो
tumor,ट्यूमर
decorate,सजवणे
sort,क्रमवारी लावा
charge,शुल्क
pulse,नाडी
equivalent,समतुल्य
fixed,निश्चित
experienced,अनुभवी
donation,देणगी
diary,डायरी
sibling,भावंड
irony,विडंबन
spoon,चमचा
midst,मध्ये
alley,गल्ली
upset,नाराज
interact,संवाद
soap,साबण
cute,गोंडस
rival,प्रतिस्पर्धी
short-term,अल्पकालीन
punch,ठोसा
pin,पिन
hockey,हॉकी
passing,उत्तीर्ण
persist,टिकून राहणे
supplier,पुरवठादार
known,ज्ञात
momentum,चालना
purse,पर्स
shed,शेड
liquid,द्रव
icon,चिन्ह
elephant,हत्ती
consequently,परिणामी
legislature,कायदेमंडळ
associate,सहयोगी
franchise,मताधिकार
correctly,बरोबर
mentally,मानसिकरित्या
foster,पालनपोषण
bicycle,सायकल
encouraging,उत्साहवर्धक
cheat,फसवणूक
access,प्रवेश
heal,बरे करणे
fever,ताप
filter,फिल्टर
rabbit,ससा
coin,नाणे
exploit,शोषण
accessible,प्रवेश करण्यायोग्य
organism,जीव
sensation,संवेदना
partially,अंशतः
stay,राहा
upstairs,वरच्या मजल्यावर
dried,वाळलेल्या
minimum,किमान
pro,प्रो
conservation,संवर्धन
shove,ढकलणे
backyard,घरामागील अंगण
charter,सनद
stove,स्टोव्ह
consent,संमती
comprise,समावेश
reminder,स्मरणपत्र
alike,एकसारखे
placement,प्लेसमेंट
dough,पीठ
grandchild,नातवंडे
dam,धरण
reportedly,अहवालानुसार
well-known,सुप्रसिद्ध
surrounding,आसपास
ecological,पर्यावरणीय
outfit,पोशाख
unprecedented,अभूतपूर्व
columnist,स्तंभलेखक
workout,व्यायाम
preliminary,प्राथमिक
patent,पेटंट
shy,लाजाळू
quote,कोट
trash,कचरा
disabled,अक्षम
gross,स्थूल
damn,धिक्कार
hormone,संप्रेरक
texture,पोत
counter,काउंटर
pencil,पेन्सिल
associate,सहयोगी
frontier,सीमा
spray,फवारणी
bet,पैज
disclose,उघड करणे
custody,ताब्यात
banker,बँकर
beast,पशू
interfere,हस्तक्षेप
oak,ओक
case,केस
eighth,आठवा
notebook,नोटबुक
outline,बाह्यरेखा
gaze,टक लावून पाहणे
attendance,उपस्थिती
speculation,अटकळ
uncover,उघड करणे
behalf,वतीने
innovative,नाविन्यपूर्ण
shark,शार्क
reward,प्रतिफळ भरून पावले
mill,गिरणी
installation,स्थापना
stimulate,उत्तेजित करणे
tag,टॅग
vertical,अनुलंब
swimming,पोहणे
fleet,ताफा
catalog,कॅटलॉग
outsider,बाहेरचा माणूस
sacrifice,बलिदान
desperately,हताशपणे
stance,भूमिका
compel,सक्ती करणे
sensitivity,संवेदनशीलता
someday,एखाद्या दिवशी
instant,झटपट
debut,पदार्पण
proclaim,घोषणा करणे
worldwide,जगभरात
hike,वाढ
required,आवश्यक
confrontation,संघर्ष
colorful,रंगीत
ideal,आदर्श
constitution,संविधान
trainer,प्रशिक्षक
Thanksgiving,थँक्सगिव्हिंग
scent,सुगंध
stack,स्टॅक
eyebrow,भुवया
sack,गोणी
cease,थांबवणे
inherit,वारसा
tray,ट्रे
pioneer,पायनियर
organizational,संघटनात्मक
textbook,पाठ्यपुस्तक
uh,उह
nasty,ओंगळ
shrink,संकुचित
model,मॉडेल
emerging,उदयोन्मुख
dot,बिंदू
wheat,गहू
fierce,भयंकर
envision,कल्पना करणे
rational,तर्कशुद्ध
kingdom,राज्य
aisle,मार्ग
weaken,कमकुवत करणे
protocol,प्रोटोकॉल
exclusively,केवळ
vocal,स्वर
marketplace,बाजारपेठ
openly,उघडपणे
unfair,अयोग्य
terrain,भूप्रदेश
deploy,तैनात करणे
risky,धोकादायक
pasta,पास्ता
genre,शैली
distract,विचलित करणे
merit,योग्यता
planner,नियोजक
depressed,उदास
chunk,तुकडा
closest,सर्वात जवळचे
discount,सवलत
no,नाही
ladder,शिडी
jungle,जंगल
migration,स्थलांतर
breathing,श्वास घेणे
invade,आक्रमण करणे
hurricane,चक्रीवादळ
retailer,किरकोळ विक्रेता
classify,वर्गीकरण
wound,जखम
coup,सत्तापालट
aid,मदत
ambassador,राजदूत
density,घनता
supportive,आश्वासक
curiosity,कुतूहल
skip,वगळा
aggression,आगळीक
stimulus,उत्तेजन
journalism,पत्रकारिता
robot,रोबोट
flood,पूर
dip,बुडविणे
likewise,त्याचप्रमाणे
informal,अनौपचारिक
Persian,पर्शियन
feather,पंख
sphere,गोल
tighten,घट्ट करणे
boast,बढाई मारणे
pat,पॅट
perceived,समजले
sole,एकमेव
publicity,प्रसिद्धी
major,प्रमुख
unfold,उलगडणे
joke,विनोद
well-being,कल्याण
validity,वैधता
ecosystem,इकोसिस्टम
strictly,काटेकोरपणे
partial,आंशिक
collar,कॉलर
weed,तण
compliance,अनुपालन
streak,लकीर
supposedly,कथित
added,जोडले
builder,बिल्डर
glimpse,झलक
premise,आधार
specialty,खासियत
deem,मानणे
artifact,कलाकृती
sneak,डोकावणे
monkey,माकड
mentor,गुरू
two-thirds,दोन तृतीयांश
listener,ऐकणारा
lightning,वीज
legally,कायदेशीररित्या
sleeve,बाही
disappointment,निराशा
disturb,त्रास देणे
rib,बरगडी
excessive,जास्त
high-tech,उच्च तंत्रज्ञान
debris,मोडतोड
pile,ढीग
rod,रॉड
logical,तार्किक
liberal,उदारमतवादी
ash,राख
socially,सामाजिकदृष्ट्या
parish,पॅरिश
slavery,गुलामगिरी
blank,रिक्त
commodity,वस्तू
cure,बरा
mineral,खनिज
hunger,भूक
dying,मरत आहे
developmental,विकासात्मक
faster,जलद
spare,सुटे
halfway,अर्धवट
cure,बरा
equality,समानता
cemetery,स्मशानभूमी
harassment,छळ
deliberately,मुद्दाम
fame,प्रसिद्धी
regret,खेद
striking,टोलावणे
likelihood,शक्यता
carrot,गाजर
atop,वर
toll,टोल
rim,रिम
embarrassed,लाजिरवाणे
fucking,संभोग
cling,चिकटून
isolated,वेगळे
blink,डोळे मिचकावणे
suspicious,संशयास्पद
wheelchair,व्हीलचेअर
squad,पथक
eligible,पात्र
processor,प्रोसेसर
plunge,उडी
this,हे
sponsor,प्रायोजक
grin,हसणे
color,रंग
demographic,लोकसंख्याशास्त्रीय
rain,पाऊस
chill,थंड
refuge,आश्रय
steer,वाचा
legislator,आमदार
rally,रॅली
programming,प्रोग्रामिंग
cheer,आनंद
outlet,आउटलेट
intact,अखंड
vendor,विक्रेता
thrive,भरभराट होणे
peanut,शेंगदाणा
chew,चर्वण
elaborate,विस्तृत
intellectual,बौद्धिक
conception,गर्भधारणा
auction,लिलाव
steak,स्टीक
comply,पालन
triumph,विजय
shareholder,भागधारक
comparable,तुलना करण्यायोग्य
transport,वाहतूक
conscience,विवेक
calculation,गणना
considerably,लक्षणीय
interval,मध्यांतर
scratch,स्क्रॅच
awake,जागे
jurisdiction,अधिकार क्षेत्र
inevitably,अपरिहार्यपणे
feminist,स्त्रीवादी
constraint,मर्यादा
emotionally,भावनिकदृष्ट्या
expedition,मोहीम
allegedly,कथितपणे
compromise,तडजोड
strain,मानसिक ताण
similarity,समानता
butt,नितंब
lid,झाकण
dumb,मुका
bulk,मोठ्या प्रमाणात
sprinkle,शिंपडा
mortality,मृत्यू
philosophical,तात्विक
conversion,रूपांतरण
patron,संरक्षक
municipal,नगरपालिका
any,कोणतेही
liver,यकृत
harmony,सुसंवाद
solely,पूर्णपणे
tolerance,सहिष्णुता
instant,झटपट
goat,शेळी
arm,हात
blessing,आशीर्वाद
banana,केळी
running,धावणे
palace,राजवाडा
formerly,पूर्वी
peasant,शेतकरी
neat,व्यवस्थित
grandparent,आजी आजोबा
lawmaker,कायदा निर्माता
supermarket,सुपरमार्केट
cruise,समुद्रपर्यटन
mobile,मोबाईल
plain,साधा
part,भाग
calendar,कॅलेंडर
widow,विधवा
deposit,ठेव
beard,दाढी
brake,ब्रेक
downtown,डाउनटाउन
screening,स्क्रीनिंग
impulse,आवेग
forbid,मना
fur,फर
brutal,क्रूर
predator,शिकारी
poke,धक्का
opt,निवड
voluntary,ऐच्छिक
trouble,त्रास
valid,वैध
forum,मंच
dancing,नृत्य
happily,आनंदाने
soar,उडणे
removal,काढणे
autonomy,स्वायत्तता
enact,कायदा करणे
round,गोल
thread,धागा
light,प्रकाश
landmark,महत्त्वाची खूण
unhappy,दुःखी
offender,अपराधी
coming,येणाऱ्या
privately,खाजगीरित्या
fraction,अपूर्णांक
distinctive,विशिष्ट
tourism,पर्यटन
threshold,उंबरठा
calm,शांत
routinely,नियमितपणे
suite,सुट
remark,टिप्पणी
regulator,नियामक
straw,पेंढा
theological,धर्मशास्त्रीय
apart,वेगळे
exhaust,एक्झॉस्ट
globe,ग्लोब
fragile,नाजूक
objection,आक्षेप
chemistry,रसायनशास्त्र
old-fashioned,जुन्या पद्धतीचा
crowded,गर्दी
circle,वर्तुळ
blast,स्फोट
prevail,विजय मिळवणे
overnight,रात्रभर
denial,नकार
rental,भाड्याने
fantastic,विलक्षण
fragment,तुकडा
level,पातळी
screw,स्क्रू
warmth,उबदारपणा
undergraduate,पदवीपूर्व
liquid,द्रव
headache,डोकेदुखी
policeman,पोलीस
yield,उत्पन्न
projection,प्रक्षेपण
battle,लढाई
suitable,योग्य
mention,उल्लेख
graduation,पदवी
drill,ड्रिल
cruel,क्रूर
mansion,हवेली
regard,आदर
grape,द्राक्ष
authorize,अधिकृत करा
cottage,कॉटेज
driveway,ड्राइव्हवे
charm,मोहिनी
sexuality,लैंगिकता
loyal,निष्ठावंत
clay,चिकणमाती
pound,पौंड
balloon,फुगा
invention,शोध
ego,अहंकार
fare,भाडे
homework,गृहपाठ
disc,डिस्क
sofa,सोफा
guarantee,हमी
availability,उपलब्धता
radar,रडार
frown,नापसंती व्यक्त करणे
regain,परत मिळवणे
leave,सोडा
permit,परवानगी
sweater,स्वेटर
rehabilitation,पुनर्वसन
rubber,रबर
retreat,माघार
molecule,रेणू
freely,मुक्तपणे
favorable,अनुकूल
steadily,स्थिरपणे
veteran,अनुभवी
integrated,एकात्मिक
ha,ha
youngster,तरुण
broadcast,प्रसारण
premium,प्रीमियम
accountability,जबाबदारी
overwhelm,भारावून टाकणे
one-third,एक तृतीयांश
contemplate,चिंतन
update,अद्यतन
spark,ठिणगी
ironically,उपरोधिकपणे
fatigue,थकवा
beyond,पलीकडे
speculate,अनुमान लावणे
marker,मार्कर
low,कमी
preach,उपदेश
bucket,बादली
bomb,बॉम्ब
blond,गोरा
confession,कबुली
provoke,चिथावणी देणे
marble,संगमरवरी
substantially,लक्षणीय
twist,पिळणे
defender,रक्षक
fish,मासे
explicit,स्पष्ट
transport,वाहतूक
disturbing,त्रासदायक
surveillance,पाळत ठेवणे
magnetic,चुंबकीय
technician,तंत्रज्ञ
mutter,गोंधळ
devastating,विनाशकारी
depart,निघणे
arrow,बाण
trauma,आघात
neighboring,शेजारी
soak,भिजवणे
ribbon,रिबन
meantime,दरम्यान
transmit,प्रसारित करणे
screen,स्क्रीन
harvest,कापणी
consecutive,सलग
republican,प्रजासत्ताक
coordinate,समन्वय
worldwide,जगभरात
within,आत
spy,गुप्तहेर
slot,स्लॉट
riot,दंगा
nutrient,पोषक
citizenship,नागरिकत्व
severely,गंभीरपणे
sovereignty,सार्वभौमत्व
ridge,रिज
brave,धाडसी
lighting,प्रकाशयोजना
specify,निर्दिष्ट करा
contributor,योगदानकर्ता
frustrate,निराश करणे
crowd,गर्दी
articulate,स्पष्ट करणे
importantly,महत्वाचे
transit,संक्रमण
dense,घनदाट
seminar,परिसंवाद
electronics,इलेक्ट्रॉनिक्स
sunny,सनी
shorts,चड्डी
swell,फुगणे
accusation,आरोप
soften,मऊ करणे
photograph,फोटो
straighten,सरळ करणे
terribly,भयंकर
cue,संकेत
sudden,अचानक
bride,वधू
biography,चरित्र
hazard,धोका
compelling,आकर्षक
seldom,क्वचित
tile,टाइल
economically,आर्थिकदृष्ट्या
honestly,प्रामाणिकपणे
troubled,त्रासलेले
bow,धनुष्य
twentieth,विसावा
balanced,संतुलित
foreigner,परदेशी
launch,प्रक्षेपण
convenience,सुविधा
delight,आनंद
weave,विणणे
timber,लाकूड
till,पर्यंत
accurately,अचूकपणे
plea,विनवणी
bulb,बल्ब
copy,कॉपी
flying,उडत
sustainable,टिकाऊ
devil,भूत
bolt,बोल्ट
cargo,मालवाहू
spine,पाठीचा कणा
seller,विक्रेता
skilled,कुशल
managing,व्यवस्थापन
public,सार्वजनिक
marine,सागरी
dock,गोदी
organized,आयोजित
fog,धुके
diplomat,मुत्सद्दी
boring,कंटाळवाणा
sometime,कधीतरी
summary,सारांश
missionary,मिशनरी
epidemic,साथरोग
fatal,घातक
trim,ट्रिम
warehouse,कोठार
accelerate,गती वाढवणे
butterfly,फुलपाखरू
bronze,कांस्य
drown,बुडणे
inherent,जन्मजात
praise,स्तुती
nationwide,देशभरात
spit,थुंकणे
harvest,कापणी
kneel,गुडघे टेकणे
vacuum,पोकळी
selected,निवडले
dictate,हुकूम
stereotype,स्टिरियोटाइप
sensor,सेन्सर
laundry,कपडे धुऊन मिळण्याचे ठिकाण
manual,मॅन्युअल
pistol,पिस्तूल
naval,नौदल
plaintiff,फिर्यादी
kid,लहान मूल
middle-class,मध्यमवर्ग
apology,माफी
till,पर्यंत